분기,시군구명,서비스업종코드,서비스업종,매출등급,개업수,폐업수,개업률,폐업률,1년생존률,3년생존률,5년생존률,최근10년영업기간,최근30년영업기간
1,강남구,CS100001,한식,4.0,116,145,2.2,2.7,77.3,50.1,34.3,2.7년,4.6년
1,강남구,CS100002,중식,4.0,14,8,3.0,1.7,73.2,54.7,28.8,2.7년,4.7년
1,강남구,CS100003,일식,4.0,27,27,2.9,2.9,83.2,62.9,43.5,2.8년,4.2년
1,강남구,CS100004,기타 외국식,3.0,39,37,2.7,2.6,85.4,53.4,30.1,2.6년,3.7년
1,강남구,CS100005,제과제빵,3.0,14,8,2.7,1.5,82.7,51.1,36.8,2.9년,4.4년
1,강남구,CS100006,패스트푸드,3.0,14,18,2.3,2.9,81.4,54.0,35.9,2.9년,4.4년
1,강남구,CS100007,치킨,4.0,5,17,1.4,4.9,71.1,49.2,24.3,2.7년,4.6년
1,강남구,CS100008,분식,4.0,59,49,4.9,4.1,60.0,32.5,21.6,2.2년,3.6년
1,강남구,CS100009,주점,4.0,6,26,0.9,3.8,86.0,36.8,22.5,2.7년,4.3년
1,강남구,CS100010,커피,3.0,70,60,3.0,2.6,75.9,51.3,33.1,2.8년,3.7년
1,강동구,CS100001,한식,3.0,53,54,2.3,2.3,75.1,52.9,32.2,2.6년,4.4년
1,강동구,CS100002,중식,3.0,8,7,4.5,3.9,83.3,53.6,25.0,2.5년,4.4년
1,강동구,CS100003,일식,3.0,10,5,4.0,2.0,88.5,56.3,28.6,2.4년,4.1년
1,강동구,CS100004,기타 외국식,3.0,6,4,2.8,1.9,74.5,47.4,42.1,2.4년,3.5년
1,강동구,CS100005,제과제빵,3.0,8,7,3.1,2.7,81.1,41.5,25.0,2.7년,4.3년
1,강동구,CS100006,패스트푸드,3.0,8,11,3.2,4.4,77.2,55.3,35.0,2.7년,4.2년
1,강동구,CS100007,치킨,3.0,5,16,1.7,5.3,79.3,35.2,31.0,2.4년,4.1년
1,강동구,CS100008,분식,3.0,18,9,3.3,1.7,71.1,38.1,28.5,2.4년,3.5년
1,강동구,CS100009,주점,3.0,3,9,0.8,2.4,72.0,22.3,27.7,2.6년,4.2년
1,강동구,CS100010,커피,3.0,44,19,6.0,2.6,81.5,48.7,28.3,2.6년,3.3년
1,강북구,CS100001,한식,3.0,39,47,1.9,2.3,74.3,49.2,32.3,2.6년,4.5년
1,강북구,CS100002,중식,2.0,5,3,4.3,2.6,69.2,51.7,22.7,2.3년,4.2년
1,강북구,CS100003,일식,2.0,5,4,3.9,3.1,77.8,53.6,24.2,2.4년,3.8년
1,강북구,CS100004,기타 외국식,2.0,4,2,3.7,1.9,70.4,66.7,5.9,2.2년,3.3년
1,강북구,CS100005,제과제빵,3.0,4,2,3.5,1.8,83.3,46.2,31.8,2.6년,4.6년
1,강북구,CS100006,패스트푸드,3.0,3,1,1.9,0.6,77.1,54.8,31.8,2.6년,4.3년
1,강북구,CS100007,치킨,3.0,4,9,1.9,4.3,64.4,35.6,25.0,2.5년,4.1년
1,강북구,CS100008,분식,2.0,16,10,4.7,2.9,60.0,37.9,25.8,2.4년,3.6년
1,강북구,CS100009,주점,3.0,9,13,2.8,4.1,71.1,34.2,18.6,2.4년,4년
1,강북구,CS100010,커피,3.0,34,17,7.7,3.8,78.0,45.2,23.7,2.5년,3.2년
1,강서구,CS100001,한식,3.0,96,103,3.1,3.3,74.7,49.7,32.6,2.5년,4.3년
1,강서구,CS100002,중식,3.0,8,6,3.2,2.4,71.4,41.1,31.1,2.5년,4.1년
1,강서구,CS100003,일식,3.0,20,8,5.4,2.2,82.1,44.9,30.4,2.5년,3.7년
1,강서구,CS100004,기타 외국식,3.0,15,10,5.3,3.5,72.4,44.4,31.3,2.4년,3.3년
1,강서구,CS100005,제과제빵,3.0,6,4,2.0,1.3,86.5,42.9,42.6,2.6년,4.2년
1,강서구,CS100006,패스트푸드,3.0,12,4,3.8,1.3,81.8,59.0,30.2,2.5년,4.1년
1,강서구,CS100007,치킨,3.0,14,16,4.1,4.7,67.1,45.3,25.9,2.5년,4.1년
1,강서구,CS100008,분식,3.0,48,32,7.2,4.8,68.1,40.5,32.7,2.3년,3.6년
1,강서구,CS100009,주점,3.0,9,15,1.8,2.9,71.4,40.9,19.1,2.7년,4.3년
1,강서구,CS100010,커피,3.0,55,40,5.6,4.0,75.4,51.1,33.2,2.6년,3년
1,관악구,CS100001,한식,3.0,53,79,2.0,3.0,72.0,53.6,31.4,2.6년,4.5년
1,관악구,CS100002,중식,3.0,6,10,2.7,4.5,78.0,42.2,30.0,2.5년,4.2년
1,관악구,CS100003,일식,3.0,11,9,3.8,3.1,77.6,48.4,29.8,2.4년,3.6년
1,관악구,CS100004,기타 외국식,2.0,8,9,2.8,3.2,70.4,64.9,25.0,2.4년,3.8년
1,관악구,CS100005,제과제빵,3.0,6,6,2.8,2.8,87.1,50.0,26.8,2.7년,4.6년
1,관악구,CS100006,패스트푸드,3.0,8,11,3.1,4.3,66.7,43.5,39.1,2.5년,4.1년
1,관악구,CS100007,치킨,3.0,6,10,2.2,3.6,57.6,32.8,17.9,2.5년,4년
1,관악구,CS100008,분식,3.0,18,16,3.0,2.7,56.6,41.5,22.4,2.3년,3.8년
1,관악구,CS100009,주점,3.0,10,8,2.2,1.7,85.7,34.2,24.5,2.5년,4.2년
1,관악구,CS100010,커피,3.0,39,24,5.3,3.3,76.1,43.6,25.4,2.5년,3.3년
1,광진구,CS100001,한식,3.0,50,52,2.2,2.3,73.1,55.3,38.8,2.8년,4.7년
1,광진구,CS100002,중식,3.0,6,6,2.6,2.6,89.7,55.3,37.5,2.9년,4.2년
1,광진구,CS100003,일식,3.0,6,4,2.4,1.6,78.8,50.8,26.8,2.7년,4.2년
1,광진구,CS100004,기타 외국식,3.0,9,5,3.5,2.0,84.8,56.9,31.8,2.5년,3.9년
1,광진구,CS100005,제과제빵,3.0,7,3,3.1,1.3,82.9,45.3,30.0,2.7년,4.6년
1,광진구,CS100006,패스트푸드,3.0,9,8,4.0,3.5,69.7,57.1,47.2,2.8년,4.6년
1,광진구,CS100007,치킨,3.0,9,5,3.9,2.2,81.0,45.2,23.5,2.5년,4.3년
1,광진구,CS100008,분식,3.0,28,23,5.4,4.5,59.8,43.0,34.3,2.4년,3.9년
1,광진구,CS100009,주점,3.0,5,13,1.3,3.3,82.1,37.5,24.8,2.8년,4.2년
1,광진구,CS100010,커피,3.0,40,29,5.3,3.9,81.1,44.1,33.3,2.6년,3.5년
1,구로구,CS100001,한식,3.0,47,35,2.0,1.5,81.8,59.1,35.5,2.8년,4.9년
1,구로구,CS100002,중식,2.0,12,7,3.3,1.9,76.6,42.6,24.5,2.5년,3.7년
1,구로구,CS100003,일식,3.0,4,7,2.3,4.0,76.7,58.3,42.9,2.8년,4.7년
1,구로구,CS100004,기타 외국식,3.0,3,3,2.1,2.1,81.0,45.5,37.9,2.7년,3.7년
1,구로구,CS100005,제과제빵,3.0,6,3,3.6,1.8,82.1,42.9,40.0,2.7년,4.6년
1,구로구,CS100006,패스트푸드,3.0,9,1,4.5,0.5,89.2,46.7,28.6,2.8년,4.4년
1,구로구,CS100007,치킨,3.0,9,10,3.3,3.6,82.6,45.1,29.2,2.6년,4.3년
1,구로구,CS100008,분식,3.0,22,12,4.8,2.6,74.4,47.3,21.3,2.5년,3.9년
1,구로구,CS100009,주점,3.0,6,16,1.5,4.1,68.7,23.5,18.9,2.4년,4년
1,구로구,CS100010,커피,3.0,39,21,6.9,3.7,80.4,52.4,34.1,2.6년,3.3년
1,금천구,CS100001,한식,3.0,45,40,2.5,2.2,82.0,56.3,33.8,2.6년,4.7년
1,금천구,CS100002,중식,2.0,9,4,4.5,2.0,85.7,38.0,29.6,2.3년,3.5년
1,금천구,CS100003,일식,3.0,1,2,0.9,1.8,90.5,57.1,35.3,2.6년,3.9년
1,금천구,CS100004,기타 외국식,2.0,4,2,3.9,2.0,76.0,52.9,33.3,2.5년,3.8년
1,금천구,CS100005,제과제빵,3.0,1,1,1.0,1.0,83.3,46.4,28.6,2.9년,5.1년
1,금천구,CS100006,패스트푸드,3.0,2,5,1.5,3.8,86.7,65.2,50.0,2.8년,4년
1,금천구,CS100007,치킨,3.0,6,8,3.4,4.5,80.6,52.6,20.0,2.8년,4.6년
1,금천구,CS100008,분식,3.0,13,12,3.8,3.5,76.5,54.5,24.6,2.5년,3.7년
1,금천구,CS100009,주점,3.0,6,4,2.6,1.7,62.5,36.8,20.9,2.5년,4년
1,금천구,CS100010,커피,3.0,20,20,4.0,4.0,79.4,46.4,25.2,2.6년,3.2년
1,노원구,CS100001,한식,3.0,35,48,1.7,2.3,77.1,52.1,39.7,2.8년,4.8년
1,노원구,CS100002,중식,3.0,3,3,1.9,1.9,94.4,61.1,30.4,2.7년,4.7년
1,노원구,CS100003,일식,3.0,1,3,0.6,1.7,82.9,44.2,39.5,2.6년,3.8년
1,노원구,CS100004,기타 외국식,3.0,3,1,1.6,0.5,79.4,55.2,40.0,2.7년,3.9년
1,노원구,CS100005,제과제빵,3.0,6,5,2.6,2.1,90.0,57.1,34.1,2.8년,4.9년
1,노원구,CS100006,패스트푸드,3.0,8,12,3.2,4.8,84.1,46.7,34.9,2.7년,4.7년
1,노원구,CS100007,치킨,3.0,12,15,4.1,5.1,73.8,40.6,21.9,2.4년,4.2년
1,노원구,CS100008,분식,3.0,21,22,4.4,4.7,62.9,47.6,29.1,2.5년,3.9년
1,노원구,CS100009,주점,3.0,2,3,0.8,1.2,80.0,39.4,24.1,2.9년,4.4년
1,노원구,CS100010,커피,3.0,35,14,5.7,2.3,86.0,48.7,31.4,2.8년,3.5년
1,도봉구,CS100001,한식,3.0,29,31,1.9,2.1,80.3,55.6,40.4,2.7년,4.7년
1,도봉구,CS100002,중식,3.0,3,4,3.0,4.0,100.0,44.4,41.7,2.8년,4.7년
1,도봉구,CS100003,일식,2.0,3,1,2.9,1.0,75.0,57.1,27.8,2.5년,3.8년
1,도봉구,CS100004,기타 외국식,2.0,1,5,1.0,5.1,81.3,31.3,34.8,2.7년,4년
1,도봉구,CS100005,제과제빵,3.0,4,2,3.4,1.7,77.8,34.8,27.8,2.4년,4.9년
1,도봉구,CS100006,패스트푸드,3.0,1,2,0.9,1.7,75.0,68.4,38.9,2.9년,4.4년
1,도봉구,CS100007,치킨,3.0,5,8,2.5,3.9,75.5,33.3,22.0,2.6년,4.1년
1,도봉구,CS100008,분식,3.0,16,3,5.2,1.0,71.4,51.7,27.7,2.4년,3.8년
1,도봉구,CS100009,주점,3.0,3,2,1.4,1.0,90.9,41.8,19.3,2.7년,4.2년
1,도봉구,CS100010,커피,3.0,22,19,6.3,5.4,88.2,40.0,29.3,2.7년,3.5년
1,동대문구,CS100001,한식,3.0,51,51,2.1,2.1,76.7,56.0,35.0,2.8년,4.7년
1,동대문구,CS100002,중식,3.0,5,4,2.4,1.9,85.2,48.9,13.9,2.6년,4.4년
1,동대문구,CS100003,일식,2.0,8,8,4.6,4.6,82.8,33.3,46.4,2.6년,4.1년
1,동대문구,CS100004,기타 외국식,2.0,2,3,1.0,1.5,94.1,51.2,38.9,2.7년,3.9년
1,동대문구,CS100005,제과제빵,3.0,3,7,1.8,4.2,90.3,31.0,42.3,2.6년,5년
1,동대문구,CS100006,패스트푸드,3.0,9,4,4.1,1.8,80.6,54.5,45.7,2.8년,4.3년
1,동대문구,CS100007,치킨,3.0,5,13,2.0,5.2,63.2,33.9,34.5,2.5년,4.2년
1,동대문구,CS100008,분식,3.0,17,13,3.8,2.9,67.7,38.7,25.9,2.6년,4년
1,동대문구,CS100009,주점,3.0,5,6,1.8,2.1,84.4,21.6,18.4,2.6년,4.6년
1,동대문구,CS100010,커피,3.0,34,22,5.5,3.5,82.1,51.6,27.6,2.7년,3.5년
1,동작구,CS100001,한식,3.0,31,28,1.6,1.5,81.9,56.3,40.0,3년,5.3년
1,동작구,CS100002,중식,3.0,8,6,4.9,3.7,77.3,42.3,40.0,3.1년,4.4년
1,동작구,CS100003,일식,3.0,6,3,2.8,1.4,85.2,54.5,33.3,2.9년,5년
1,동작구,CS100004,기타 외국식,3.0,3,4,2.0,2.6,89.3,68.4,25.6,2.8년,3.8년
1,동작구,CS100005,제과제빵,3.0,5,8,2.6,4.1,87.0,48.8,23.3,3년,4.9년
1,동작구,CS100006,패스트푸드,3.0,9,8,4.1,3.7,87.8,48.9,33.3,2.7년,4.4년
1,동작구,CS100007,치킨,3.0,3,10,1.3,4.3,70.2,41.1,26.9,2.7년,4.4년
1,동작구,CS100008,분식,3.0,9,9,2.3,2.3,63.6,31.3,25.3,2.5년,3.9년
1,동작구,CS100009,주점,3.0,7,8,2.7,3.1,84.0,30.3,34.7,3년,4.6년
1,동작구,CS100010,커피,3.0,24,24,4.0,4.0,77.6,46.4,27.5,2.7년,3.4년
1,마포구,CS100001,한식,3.0,80,116,2.3,3.3,79.3,55.6,31.9,2.7년,4.6년
1,마포구,CS100002,중식,3.0,14,11,4.4,3.5,74.0,54.1,34.7,2.7년,4.4년
1,마포구,CS100003,일식,3.0,18,12,2.8,1.9,87.0,46.9,34.8,2.7년,3.7년
1,마포구,CS100004,기타 외국식,3.0,18,15,1.9,1.6,88.8,60.0,32.5,2.7년,3.6년
1,마포구,CS100005,제과제빵,3.0,14,11,3.5,2.7,80.7,48.6,25.0,2.8년,4.1년
1,마포구,CS100006,패스트푸드,3.0,13,7,3.3,1.8,88.5,45.7,31.3,2.8년,4.1년
1,마포구,CS100007,치킨,3.0,5,11,1.9,4.2,74.5,35.1,28.6,2.7년,4.4년
1,마포구,CS100008,분식,3.0,58,28,7.6,3.7,58.6,37.0,17.9,2.2년,3.5년
1,마포구,CS100009,주점,3.0,6,19,0.9,2.8,78.9,38.4,24.1,3년,4.4년
1,마포구,CS100010,커피,3.0,92,55,5.1,3.1,80.8,48.7,32.9,2.6년,3.3년
1,서대문구,CS100001,한식,3.0,33,27,1.8,1.5,83.1,55.6,40.3,2.9년,5.2년
1,서대문구,CS100002,중식,3.0,7,8,4.0,4.5,84.6,48.4,40.7,2.8년,4.3년
1,서대문구,CS100003,일식,3.0,3,5,1.5,2.5,90.5,57.8,33.3,3년,4.2년
1,서대문구,CS100004,기타 외국식,3.0,5,2,1.9,0.7,77.8,50.9,27.5,2.6년,4.1년
1,서대문구,CS100005,제과제빵,3.0,5,4,2.7,2.1,91.3,39.4,21.4,2.9년,4.7년
1,서대문구,CS100006,패스트푸드,3.0,5,5,2.1,2.1,86.8,53.8,41.9,2.8년,4.7년
1,서대문구,CS100007,치킨,3.0,10,6,5.2,3.1,74.4,31.0,26.5,2.6년,4.6년
1,서대문구,CS100008,분식,3.0,15,12,3.0,2.4,76.9,51.9,33.0,2.5년,4년
1,서대문구,CS100009,주점,3.0,1,12,0.4,4.2,76.7,37.2,22.2,2.9년,4.5년
1,서대문구,CS100010,커피,3.0,28,13,4.6,2.2,80.8,46.2,30.2,2.7년,3.5년
1,서초구,CS100001,한식,4.0,43,65,1.4,2.2,81.3,52.7,34.5,2.9년,4.9년
1,서초구,CS100002,중식,4.0,9,7,3.4,2.7,81.6,55.2,29.7,2.8년,5년
1,서초구,CS100003,일식,3.0,12,9,3.2,2.4,91.1,60.0,29.9,3년,4.7년
1,서초구,CS100004,기타 외국식,3.0,15,8,2.7,1.5,80.3,54.9,43.2,3년,3.8년
1,서초구,CS100005,제과제빵,3.0,7,9,1.9,2.4,81.6,64.1,29.8,3년,4.8년
1,서초구,CS100006,패스트푸드,3.0,7,12,2.4,4.1,87.5,70.3,33.3,3년,4.5년
1,서초구,CS100007,치킨,4.0,4,9,1.7,3.9,74.5,52.2,29.1,2.7년,4.7년
1,서초구,CS100008,분식,3.0,27,19,3.3,2.3,64.8,52.9,33.6,2.8년,4.1년
1,서초구,CS100009,주점,3.0,2,8,0.6,2.2,87.8,35.5,25.8,3년,4.9년
1,서초구,CS100010,커피,3.0,59,44,4.7,3.5,81.8,51.7,31.6,2.8년,3.7년
1,성동구,CS100001,한식,3.0,39,56,2.0,2.9,76.9,51.7,39.5,2.9년,4.9년
1,성동구,CS100002,중식,3.0,7,4,4.5,2.6,81.0,44.4,22.2,2.7년,4.5년
1,성동구,CS100003,일식,3.0,7,4,3.9,2.2,89.2,43.9,25.0,2.6년,3.8년
1,성동구,CS100004,기타 외국식,3.0,14,9,4.1,2.6,92.6,64.7,32.6,2.3년,3.3년
1,성동구,CS100005,제과제빵,3.0,5,7,2.5,3.5,94.9,50.0,31.6,2.6년,4.1년
1,성동구,CS100006,패스트푸드,3.0,5,2,2.5,1.0,84.2,44.7,38.5,2.7년,3.8년
1,성동구,CS100007,치킨,3.0,4,12,2.2,6.5,80.6,39.5,36.8,2.6년,4.6년
1,성동구,CS100008,분식,3.0,18,13,4.7,3.4,74.7,45.1,17.4,2.4년,4년
1,성동구,CS100009,주점,3.0,4,8,1.9,3.8,82.1,41.8,29.2,2.9년,4.5년
1,성동구,CS100010,커피,3.0,37,22,4.8,2.9,77.4,50.3,31.8,2.7년,3.3년
1,성북구,CS100001,한식,3.0,40,43,1.9,2.1,83.7,57.7,36.9,2.9년,4.9년
1,성북구,CS100002,중식,3.0,6,4,3.6,2.4,93.8,51.4,25.0,2.9년,5.1년
1,성북구,CS100003,일식,3.0,4,1,2.3,0.6,73.1,53.3,30.4,2.6년,4년
1,성북구,CS100004,기타 외국식,2.0,9,5,3.6,2.0,85.7,56.4,46.7,2.7년,3.9년
1,성북구,CS100005,제과제빵,3.0,4,4,1.9,1.9,85.7,61.1,23.5,2.9년,5.1년
1,성북구,CS100006,패스트푸드,3.0,9,6,3.8,2.5,78.7,58.1,40.9,2.9년,4.7년
1,성북구,CS100007,치킨,3.0,12,12,5.0,5.0,72.5,30.2,26.8,2.6년,4.5년
1,성북구,CS100008,분식,3.0,15,16,2.9,3.1,70.5,43.1,24.8,2.7년,3.9년
1,성북구,CS100009,주점,3.0,3,13,1.1,4.8,77.1,44.2,19.6,2.8년,4.4년
1,성북구,CS100010,커피,3.0,30,16,4.5,2.4,84.6,51.4,28.7,2.7년,3.5년
1,송파구,CS100001,한식,3.0,81,100,2.2,2.7,77.2,53.4,36.8,2.7년,4.5년
1,송파구,CS100002,중식,3.0,13,9,4.7,3.2,83.3,41.8,49.0,2.6년,4.2년
1,송파구,CS100003,일식,3.0,20,13,3.8,2.5,82.4,47.8,43.0,2.8년,4.5년
1,송파구,CS100004,기타 외국식,3.0,14,7,2.7,1.3,83.9,63.2,38.8,2.7년,3.7년
1,송파구,CS100005,제과제빵,3.0,10,11,2.7,2.9,84.4,53.2,28.1,2.6년,4.5년
1,송파구,CS100006,패스트푸드,3.0,12,13,2.7,3.0,82.4,57.3,34.7,2.7년,4.1년
1,송파구,CS100007,치킨,3.0,12,16,3.3,4.4,72.4,44.7,27.4,2.5년,4.4년
1,송파구,CS100008,분식,3.0,49,21,5.9,2.5,61.7,44.8,22.7,2.4년,3.6년
1,송파구,CS100009,주점,3.0,5,11,1.1,2.5,68.5,42.7,23.7,2.7년,4.3년
1,송파구,CS100010,커피,3.0,59,52,4.6,4.1,74.2,46.7,29.9,2.6년,3.3년
1,양천구,CS100001,한식,3.0,40,42,2.2,2.4,79.1,50.2,31.9,2.7년,4.5년
1,양천구,CS100002,중식,3.0,4,4,3.0,3.0,70.6,47.6,37.5,2.8년,4.8년
1,양천구,CS100003,일식,3.0,4,4,2.4,2.4,77.1,51.4,40.9,2.5년,4년
1,양천구,CS100004,기타 외국식,3.0,7,7,4.3,4.3,84.6,48.4,30.8,2.3년,3.9년
1,양천구,CS100005,제과제빵,3.0,5,7,2.4,3.3,88.9,47.4,32.3,2.8년,4.7년
1,양천구,CS100006,패스트푸드,3.0,3,5,1.5,2.5,76.9,55.2,21.2,2.5년,4.1년
1,양천구,CS100007,치킨,3.0,10,11,4.3,4.7,63.0,45.5,25.0,2.4년,4.3년
1,양천구,CS100008,분식,3.0,18,15,4.2,3.5,64.3,42.7,23.8,2.4년,3.9년
1,양천구,CS100009,주점,3.0,2,5,0.6,1.6,77.3,32.4,18.4,2.7년,4.1년
1,양천구,CS100010,커피,3.0,33,17,6.2,3.2,85.6,47.8,27.6,2.6년,3.3년
1,영등포구,CS100001,한식,3.0,58,68,1.7,2.0,82.3,56.9,34.9,2.8년,4.8년
1,영등포구,CS100002,중식,2.0,25,23,4.2,3.8,75.9,48.0,25.4,2.5년,3.6년
1,영등포구,CS100003,일식,3.0,10,7,2.9,2.0,85.3,43.4,47.9,2.9년,4.6년
1,영등포구,CS100004,기타 외국식,3.0,12,15,3.5,4.4,82.8,53.3,41.7,2.6년,3.8년
1,영등포구,CS100005,제과제빵,3.0,10,8,3.9,3.1,81.4,62.5,29.5,3년,4.5년
1,영등포구,CS100006,패스트푸드,3.0,11,10,4.1,3.7,81.1,56.8,38.3,3년,4.4년
1,영등포구,CS100007,치킨,3.0,6,5,2.2,1.9,72.1,43.2,27.1,2.5년,4.7년
1,영등포구,CS100008,분식,3.0,24,19,3.3,2.6,65.5,49.5,34.3,2.5년,3.8년
1,영등포구,CS100009,주점,3.0,10,15,1.9,2.8,74.0,45.3,19.6,2.7년,4.3년
1,영등포구,CS100010,커피,3.0,44,30,4.0,2.7,83.1,53.3,36.6,2.8년,3.7년
1,용산구,CS100001,한식,3.0,50,28,2.7,1.5,83.2,58.8,38.5,3.1년,5.2년
1,용산구,CS100002,중식,3.0,3,6,1.7,3.5,86.4,71.4,47.6,3.1년,5.6년
1,용산구,CS100003,일식,3.0,5,5,1.9,1.9,81.4,54.5,20.5,2.8년,4.3년
1,용산구,CS100004,기타 외국식,3.0,21,10,2.6,1.3,86.9,62.0,41.2,2.9년,4년
1,용산구,CS100005,제과제빵,3.0,7,4,2.9,1.7,93.3,50.0,26.7,3년,4.7년
1,용산구,CS100006,패스트푸드,3.0,5,4,2.2,1.8,80.0,62.9,33.3,3년,4.6년
1,용산구,CS100007,치킨,3.0,2,3,1.5,2.2,80.0,47.6,21.4,2.8년,5년
1,용산구,CS100008,분식,3.0,18,12,3.4,2.3,75.9,33.7,25.4,2.5년,4년
1,용산구,CS100009,주점,3.0,7,8,2.2,2.5,86.8,35.8,22.9,3년,4.8년
1,용산구,CS100010,커피,3.0,37,23,4.7,2.9,81.1,52.8,36.2,2.8년,3.6년
1,은평구,CS100001,한식,3.0,43,50,2.0,2.3,79.2,56.3,34.1,2.6년,4.6년
1,은평구,CS100002,중식,3.0,10,8,6.2,4.9,66.7,45.8,33.3,2.5년,4.5년
1,은평구,CS100003,일식,3.0,11,3,5.8,1.6,90.0,56.3,25.0,2.5년,3.7년
1,은평구,CS100004,기타 외국식,2.0,3,7,1.8,4.2,75.7,63.3,41.7,2.3년,3.4년
1,은평구,CS100005,제과제빵,3.0,7,5,3.3,2.4,89.7,55.6,46.3,2.8년,4.6년
1,은평구,CS100006,패스트푸드,3.0,4,4,1.9,1.9,81.0,54.1,39.5,2.6년,4.2년
1,은평구,CS100007,치킨,3.0,15,7,5.6,2.6,70.4,24.3,24.6,2.3년,4.1년
1,은평구,CS100008,분식,3.0,22,11,4.2,2.1,67.0,39.8,26.7,2.4년,3.7년
1,은평구,CS100009,주점,3.0,6,11,1.7,3.1,73.8,36.0,12.8,2.6년,4.3년
1,은평구,CS100010,커피,3.0,37,23,5.9,3.6,79.5,41.7,34.1,2.5년,3.2년
1,종로구,CS100001,한식,3.0,42,55,1.4,1.9,85.7,61.1,45.3,3.1년,5.6년
1,종로구,CS100002,중식,3.0,6,9,2.9,4.3,95.2,41.0,34.2,2.8년,5.3년
1,종로구,CS100003,일식,3.0,7,5,2.3,1.7,94.4,51.3,33.9,2.9년,4.8년
1,종로구,CS100004,기타 외국식,3.0,9,18,1.7,3.4,85.5,58.2,34.9,3년,4.5년
1,종로구,CS100005,제과제빵,3.0,11,2,4.4,0.8,87.1,63.2,29.3,2.9년,4.7년
1,종로구,CS100006,패스트푸드,3.0,4,4,1.5,1.5,85.4,61.2,50.0,3.4년,4.8년
1,종로구,CS100007,치킨,3.0,3,3,2.3,2.3,81.0,50.0,20.0,2.7년,5.5년
1,종로구,CS100008,분식,3.0,21,19,3.0,2.7,74.0,50.0,24.4,2.6년,4.5년
1,종로구,CS100009,주점,3.0,6,11,1.4,2.6,81.1,44.0,28.8,3.2년,5.1년
1,종로구,CS100010,커피,3.0,44,31,3.7,2.6,81.0,58.6,45.3,3년,4.2년
1,중구,CS100001,한식,3.0,37,58,1.3,2.1,87.3,60.2,39.1,3.1년,5.8년
1,중구,CS100002,중식,3.0,4,3,1.5,1.1,88.5,63.5,51.4,3.1년,5.1년
1,중구,CS100003,일식,3.0,4,6,1.4,2.1,100.0,53.8,31.3,2.9년,5년
1,중구,CS100004,기타 외국식,3.0,4,5,0.9,1.2,89.7,64.3,38.4,3년,4.6년
1,중구,CS100005,제과제빵,3.0,3,9,1.2,3.7,88.0,52.5,34.1,3년,5년
1,중구,CS100006,패스트푸드,3.0,4,4,1.7,1.7,84.8,53.1,40.7,3.1년,4.7년
1,중구,CS100007,치킨,3.0,2,7,1.4,4.8,73.3,50.0,29.0,3년,5.8년
1,중구,CS100008,분식,3.0,13,15,1.7,2.0,68.8,40.8,35.3,2.7년,4.4년
1,중구,CS100009,주점,3.0,5,14,1.6,4.6,84.2,52.3,28.8,3년,5년
1,중구,CS100010,커피,3.0,42,26,3.9,2.4,86.3,50.0,34.1,2.8년,4.1년
1,중랑구,CS100001,한식,3.0,42,49,1.9,2.2,78.9,50.5,33.3,2.7년,4.5년
1,중랑구,CS100002,중식,3.0,3,2,2.8,1.8,66.7,37.0,30.8,2.3년,4.1년
1,중랑구,CS100003,일식,2.0,7,4,5.0,2.9,81.3,61.5,61.1,2.7년,3.8년
1,중랑구,CS100004,기타 외국식,2.0,8,3,6.3,2.4,100.0,41.2,44.4,2.5년,3.6년
1,중랑구,CS100005,제과제빵,3.0,5,6,3.4,4.1,77.1,46.4,22.6,2.4년,4.4년
1,중랑구,CS100006,패스트푸드,3.0,7,3,4.2,1.8,80.6,56.7,48.0,2.7년,4년
1,중랑구,CS100007,치킨,3.0,10,13,4.1,5.4,77.3,28.1,23.7,2.2년,3.9년
1,중랑구,CS100008,분식,2.0,19,9,4.9,2.3,65.9,37.3,19.2,2.4년,3.8년
1,중랑구,CS100009,주점,3.0,7,7,2.0,2.0,66.0,33.9,10.1,2.5년,4년
1,중랑구,CS100010,커피,3.0,25,16,5.3,3.4,75.9,46.7,26.6,2.5년,3.1년
2,강남구,CS100001,한식,4.0,174,160,3.3,3.0,78.8,52.4,35.2,2.7년,4.6년
2,강남구,CS100002,중식,4.0,22,14,4.7,3.0,70.5,52.1,34.8,2.7년,4.7년
2,강남구,CS100003,일식,4.0,29,14,3.0,1.5,85.7,64.9,45.2,2.9년,4.2년
2,강남구,CS100004,기타 외국식,3.0,64,33,4.3,2.2,85.3,51.6,32.1,2.6년,3.7년
2,강남구,CS100005,제과제빵,3.0,23,23,4.4,4.4,84.9,53.8,35.8,3년,4.4년
2,강남구,CS100006,패스트푸드,3.0,16,12,2.6,1.9,79.0,55.3,37.4,2.9년,4.4년
2,강남구,CS100007,치킨,4.0,9,11,2.6,3.2,70.3,53.4,25.4,2.7년,4.7년
2,강남구,CS100008,분식,4.0,95,27,7.4,2.1,59.9,38.2,23.5,2.2년,3.6년
2,강남구,CS100009,주점,4.0,11,27,1.6,4.0,87.3,37.2,20.9,2.7년,4.3년
2,강남구,CS100010,커피,3.0,137,48,5.7,2.0,77.6,52.6,33.0,2.8년,3.7년
2,강동구,CS100001,한식,3.0,61,73,2.6,3.1,72.0,53.2,33.4,2.7년,4.4년
2,강동구,CS100002,중식,3.0,7,9,4.0,5.1,75.6,55.9,38.7,2.5년,4.5년
2,강동구,CS100003,일식,3.0,13,13,5.2,5.2,83.9,54.5,32.1,2.4년,4.1년
2,강동구,CS100004,기타 외국식,3.0,6,6,2.8,2.8,74.5,52.5,40.0,2.5년,3.5년
2,강동구,CS100005,제과제빵,3.0,8,2,3.0,0.8,82.0,41.4,38.3,2.7년,4.3년
2,강동구,CS100006,패스트푸드,3.0,13,8,5.1,3.1,76.3,45.5,36.8,2.7년,4.2년
2,강동구,CS100007,치킨,3.0,14,11,4.6,3.6,77.6,46.7,32.0,2.4년,4.1년
2,강동구,CS100008,분식,3.0,29,18,5.2,3.3,69.6,47.2,29.2,2.5년,3.5년
2,강동구,CS100009,주점,3.0,10,9,2.7,2.4,70.8,28.7,28.2,2.6년,4.2년
2,강동구,CS100010,커피,3.0,58,19,7.6,2.5,81.7,52.3,30.2,2.6년,3.3년
2,강북구,CS100001,한식,3.0,50,51,2.5,2.5,76.7,51.5,34.5,2.6년,4.5년
2,강북구,CS100002,중식,2.0,10,4,8.1,3.3,64.0,62.1,28.6,2.3년,4.2년
2,강북구,CS100003,일식,3.0,7,8,5.5,6.3,78.6,44.1,27.0,2.3년,3.8년
2,강북구,CS100004,기타 외국식,2.0,4,0,3.6,0.0,69.7,71.4,12.5,2.2년,3.3년
2,강북구,CS100005,제과제빵,3.0,9,2,7.5,1.7,91.3,45.0,39.1,2.6년,4.6년
2,강북구,CS100006,패스트푸드,3.0,2,7,1.3,4.6,78.1,57.1,33.3,2.7년,4.4년
2,강북구,CS100007,치킨,3.0,10,12,4.8,5.8,59.5,42.9,31.8,2.4년,4.1년
2,강북구,CS100008,분식,2.0,19,12,5.4,3.4,62.9,42.2,28.4,2.3년,3.6년
2,강북구,CS100009,주점,3.0,11,12,3.5,3.8,71.1,32.8,22.7,2.4년,4년
2,강북구,CS100010,커피,3.0,29,18,6.4,4.0,80.4,47.5,19.1,2.5년,3.2년
2,강서구,CS100001,한식,3.0,116,86,3.7,2.7,77.6,50.0,34.2,2.5년,4.3년
2,강서구,CS100002,중식,3.0,22,11,8.5,4.2,66.7,49.1,32.1,2.4년,4.1년
2,강서구,CS100003,일식,3.0,18,11,4.8,2.9,85.1,49.4,40.7,2.5년,3.7년
2,강서구,CS100004,기타 외국식,3.0,16,7,5.5,2.4,71.8,33.9,33.3,2.3년,3.3년
2,강서구,CS100005,제과제빵,3.0,13,6,4.2,1.9,83.1,42.2,37.1,2.6년,4.2년
2,강서구,CS100006,패스트푸드,3.0,12,6,3.8,1.9,88.0,51.7,31.9,2.5년,4.1년
2,강서구,CS100007,치킨,3.0,14,15,4.2,4.5,65.4,50.8,18.5,2.5년,4.1년
2,강서구,CS100008,분식,3.0,49,20,7.1,2.9,67.1,40.8,33.3,2.3년,3.6년
2,강서구,CS100009,주점,3.0,17,16,3.3,3.1,78.1,42.6,20.5,2.7년,4.3년
2,강서구,CS100010,커피,3.0,86,32,8.3,3.1,77.0,52.5,32.9,2.5년,3년
2,관악구,CS100001,한식,3.0,85,73,3.2,2.7,73.7,56.5,32.8,2.6년,4.5년
2,관악구,CS100002,중식,3.0,9,8,4.0,3.6,75.9,57.1,29.0,2.5년,4.2년
2,관악구,CS100003,일식,3.0,11,8,3.8,2.7,72.2,56.1,35.8,2.4년,3.6년
2,관악구,CS100004,기타 외국식,3.0,8,7,2.8,2.5,71.3,66.7,27.7,2.5년,3.8년
2,관악구,CS100005,제과제빵,3.0,9,9,4.3,4.3,69.7,43.2,35.1,2.6년,4.6년
2,관악구,CS100006,패스트푸드,3.0,9,8,3.5,3.1,72.9,45.8,32.7,2.6년,4.1년
2,관악구,CS100007,치킨,3.0,9,11,3.3,4.0,62.3,26.3,22.0,2.6년,4년
2,관악구,CS100008,분식,3.0,32,19,5.2,3.1,64.8,41.9,23.2,2.3년,3.8년
2,관악구,CS100009,주점,3.0,15,12,3.2,2.6,94.4,37.3,20.5,2.5년,4.2년
2,관악구,CS100010,커피,3.0,56,30,7.4,4.0,79.4,44.8,33.3,2.5년,3.2년
2,광진구,CS100001,한식,3.0,64,68,2.8,3.0,76.3,54.5,36.6,2.8년,4.7년
2,광진구,CS100002,중식,3.0,8,2,3.3,0.8,100.0,60.4,38.0,2.9년,4.2년
2,광진구,CS100003,일식,3.0,15,8,5.8,3.1,70.8,55.4,26.2,2.7년,4.2년
2,광진구,CS100004,기타 외국식,3.0,9,9,3.5,3.5,83.0,65.1,35.7,2.6년,4년
2,광진구,CS100005,제과제빵,3.0,9,5,4.0,2.2,81.8,46.6,25.8,2.7년,4.6년
2,광진구,CS100006,패스트푸드,3.0,7,12,3.2,5.4,78.4,60.0,40.6,2.8년,4.6년
2,광진구,CS100007,치킨,3.0,9,10,3.9,4.3,85.7,52.9,27.3,2.5년,4.3년
2,광진구,CS100008,분식,3.0,37,9,6.8,1.7,64.3,46.4,32.2,2.3년,3.9년
2,광진구,CS100009,주점,3.0,13,16,3.3,4.0,87.5,41.6,21.1,2.8년,4.2년
2,광진구,CS100010,커피,3.0,66,21,8.3,2.6,79.6,50.3,33.3,2.6년,3.5년
2,구로구,CS100001,한식,3.0,64,69,2.8,3.0,82.3,57.2,39.1,2.8년,4.9년
2,구로구,CS100002,중식,2.0,10,8,2.7,2.2,75.0,47.4,28.1,2.5년,3.7년
2,구로구,CS100003,일식,3.0,7,4,3.9,2.2,80.0,64.0,48.6,2.8년,4.7년
2,구로구,CS100004,기타 외국식,3.0,7,1,4.7,0.7,85.7,38.1,39.3,2.6년,3.7년
2,구로구,CS100005,제과제빵,3.0,5,5,3.0,3.0,80.6,37.9,40.7,2.7년,4.6년
2,구로구,CS100006,패스트푸드,3.0,8,5,4.0,2.5,93.8,55.2,30.4,2.8년,4.4년
2,구로구,CS100007,치킨,3.0,14,7,5.0,2.5,80.4,46.2,32.7,2.6년,4.3년
2,구로구,CS100008,분식,3.0,34,13,7.0,2.7,79.5,43.6,24.4,2.4년,3.9년
2,구로구,CS100009,주점,3.0,19,14,4.8,3.6,73.8,24.3,20.3,2.4년,4년
2,구로구,CS100010,커피,3.0,33,18,5.7,3.1,83.1,52.4,35.9,2.6년,3.3년
2,금천구,CS100001,한식,3.0,46,52,2.5,2.8,83.0,57.3,33.4,2.6년,4.7년
2,금천구,CS100002,중식,3.0,12,8,5.8,3.9,79.2,37.7,33.3,2.3년,3.5년
2,금천구,CS100003,일식,3.0,2,3,1.9,2.8,83.3,60.9,33.3,2.7년,4년
2,금천구,CS100004,기타 외국식,2.0,5,3,4.8,2.9,74.1,63.6,28.6,2.6년,3.8년
2,금천구,CS100005,제과제빵,3.0,4,0,3.8,0.0,85.7,51.7,33.3,2.9년,5.1년
2,금천구,CS100006,패스트푸드,3.0,4,2,3.0,1.5,78.8,56.0,60.0,2.7년,4년
2,금천구,CS100007,치킨,3.0,8,12,4.7,7.0,78.8,51.4,17.6,2.7년,4.6년
2,금천구,CS100008,분식,3.0,12,8,3.4,2.3,71.9,55.4,20.8,2.5년,3.7년
2,금천구,CS100009,주점,3.0,13,4,5.4,1.7,72.4,43.1,17.3,2.5년,4년
2,금천구,CS100010,커피,3.0,44,23,8.5,4.4,78.9,42.9,28.1,2.5년,3.2년
2,노원구,CS100001,한식,3.0,46,41,2.2,2.0,79.8,56.8,41.8,2.8년,4.8년
2,노원구,CS100002,중식,3.0,5,7,3.2,4.4,88.9,48.0,34.8,2.8년,4.7년
2,노원구,CS100003,일식,3.0,9,4,4.9,2.2,91.2,41.9,31.9,2.7년,3.8년
2,노원구,CS100004,기타 외국식,3.0,6,4,3.1,2.1,87.8,52.4,27.3,2.7년,4년
2,노원구,CS100005,제과제빵,3.0,6,6,2.6,2.6,87.5,50.0,35.1,2.9년,4.9년
2,노원구,CS100006,패스트푸드,3.0,8,6,3.2,2.4,88.7,39.6,30.2,2.7년,4.7년
2,노원구,CS100007,치킨,3.0,12,9,4.0,3.0,79.3,46.6,20.7,2.5년,4.2년
2,노원구,CS100008,분식,3.0,18,17,3.8,3.6,58.5,52.1,29.1,2.5년,3.9년
2,노원구,CS100009,주점,3.0,9,6,3.6,2.4,76.2,41.9,28.7,2.9년,4.4년
2,노원구,CS100010,커피,3.0,38,16,6.0,2.5,88.3,53.9,33.3,2.8년,3.5년
2,도봉구,CS100001,한식,3.0,41,34,2.7,2.3,79.6,55.3,39.3,2.7년,4.7년
2,도봉구,CS100002,중식,3.0,2,3,2.0,3.1,90.5,70.0,31.8,2.8년,4.7년
2,도봉구,CS100003,일식,2.0,9,6,8.6,5.7,75.0,57.1,37.5,2.5년,3.8년
2,도봉구,CS100004,기타 외국식,2.0,5,1,4.9,1.0,95.0,37.5,23.8,2.7년,4년
2,도봉구,CS100005,제과제빵,3.0,5,2,4.2,1.7,79.2,29.2,18.8,2.4년,4.9년
2,도봉구,CS100006,패스트푸드,3.0,2,6,1.8,5.4,79.2,77.8,43.8,3년,4.5년
2,도봉구,CS100007,치킨,3.0,8,6,3.9,2.9,70.6,46.9,22.0,2.6년,4.1년
2,도봉구,CS100008,분식,3.0,18,10,5.7,3.1,74.6,50.0,27.6,2.4년,3.8년
2,도봉구,CS100009,주점,2.0,5,5,2.4,2.4,84.0,44.4,20.7,2.8년,4.2년
2,도봉구,CS100010,커피,3.0,20,13,5.6,3.6,87.0,41.8,32.9,2.7년,3.5년
2,동대문구,CS100001,한식,3.0,73,56,3.0,2.3,79.4,54.9,35.4,2.8년,4.7년
2,동대문구,CS100002,중식,3.0,14,10,6.5,4.7,75.7,46.9,29.7,2.6년,4.4년
2,동대문구,CS100003,일식,2.0,6,3,3.4,1.7,80.0,36.8,46.2,2.6년,4.1년
2,동대문구,CS100004,기타 외국식,2.0,11,4,5.3,1.9,90.0,56.1,31.6,2.7년,3.9년
2,동대문구,CS100005,제과제빵,3.0,12,4,6.8,2.3,86.1,32.1,39.1,2.5년,5년
2,동대문구,CS100006,패스트푸드,3.0,3,4,1.4,1.8,81.1,55.0,40.0,2.9년,4.4년
2,동대문구,CS100007,치킨,3.0,6,12,2.5,4.9,61.2,34.0,34.0,2.5년,4.2년
2,동대문구,CS100008,분식,3.0,23,12,5.0,2.6,71.9,40.7,21.4,2.6년,4년
2,동대문구,CS100009,주점,3.0,5,5,1.8,1.8,80.0,27.8,17.9,2.6년,4.6년
2,동대문구,CS100010,커피,3.0,48,19,7.4,2.9,82.0,55.4,39.5,2.7년,3.4년
2,동작구,CS100001,한식,3.0,56,53,3.0,2.8,81.6,58.8,42.7,3년,5.3년
2,동작구,CS100002,중식,3.0,5,3,3.0,1.8,71.4,40.0,42.9,3.1년,4.4년
2,동작구,CS100003,일식,3.0,7,6,3.3,2.8,82.4,60.9,29.8,2.9년,5년
2,동작구,CS100004,기타 외국식,3.0,5,0,3.2,0.0,91.2,62.5,27.8,2.8년,3.8년
2,동작구,CS100005,제과제빵,3.0,6,3,3.0,1.5,85.7,55.9,31.9,3.1년,4.9년
2,동작구,CS100006,패스트푸드,3.0,7,4,3.2,1.8,90.9,54.3,30.8,2.8년,4.4년
2,동작구,CS100007,치킨,3.0,11,10,4.7,4.3,65.3,42.0,31.6,2.7년,4.4년
2,동작구,CS100008,분식,3.0,16,10,4.1,2.6,65.0,27.0,23.7,2.5년,3.9년
2,동작구,CS100009,주점,3.0,6,5,2.3,1.9,90.5,43.9,18.2,3년,4.7년
2,동작구,CS100010,커피,3.0,48,22,7.7,3.5,79.0,51.7,34.0,2.6년,3.4년
2,마포구,CS100001,한식,3.0,126,99,3.6,2.8,79.8,56.6,31.2,2.7년,4.6년
2,마포구,CS100002,중식,3.0,17,11,5.3,3.4,72.1,53.4,39.7,2.7년,4.4년
2,마포구,CS100003,일식,3.0,39,19,6.0,2.9,87.6,49.4,37.0,2.7년,3.7년
2,마포구,CS100004,기타 외국식,3.0,35,22,3.7,2.3,88.4,61.2,33.3,2.7년,3.7년
2,마포구,CS100005,제과제빵,3.0,21,22,5.3,5.5,77.6,46.9,23.7,2.8년,4.1년
2,마포구,CS100006,패스트푸드,3.0,11,16,2.8,4.1,85.7,46.3,31.6,2.8년,4.1년
2,마포구,CS100007,치킨,3.0,4,7,1.5,2.7,84.6,42.3,27.1,2.7년,4.4년
2,마포구,CS100008,분식,3.0,75,30,9.3,3.7,62.2,32.9,23.5,2.2년,3.5년
2,마포구,CS100009,주점,3.0,9,27,1.4,4.2,81.9,33.5,23.2,3년,4.5년
2,마포구,CS100010,커피,3.0,145,69,7.8,3.7,81.2,48.1,31.3,2.6년,3.3년
2,서대문구,CS100001,한식,3.0,39,41,2.1,2.2,83.5,54.9,42.1,2.9년,5.2년
2,서대문구,CS100002,중식,3.0,9,4,4.9,2.2,86.2,48.8,37.0,2.8년,4.3년
2,서대문구,CS100003,일식,3.0,9,5,4.5,2.5,74.1,62.5,25.6,2.9년,4.2년
2,서대문구,CS100004,기타 외국식,3.0,7,13,2.7,5.0,71.8,57.6,29.8,2.6년,4.1년
2,서대문구,CS100005,제과제빵,3.0,12,4,6.2,2.1,88.9,48.7,8.3,2.9년,4.7년
2,서대문구,CS100006,패스트푸드,3.0,8,6,3.3,2.5,90.0,57.6,38.9,2.8년,4.7년
2,서대문구,CS100007,치킨,3.0,11,7,5.6,3.5,76.5,35.7,20.7,2.5년,4.6년
2,서대문구,CS100008,분식,3.0,18,8,3.5,1.5,82.2,51.9,34.3,2.5년,4년
2,서대문구,CS100009,주점,3.0,4,8,1.4,2.9,79.2,38.8,21.6,2.9년,4.6년
2,서대문구,CS100010,커피,3.0,39,17,6.2,2.7,83.5,47.2,32.0,2.7년,3.5년
2,서초구,CS100001,한식,4.0,70,88,2.3,2.9,81.4,52.9,34.1,2.9년,4.9년
2,서초구,CS100002,중식,4.0,10,5,3.7,1.9,79.1,50.0,38.2,2.8년,5년
2,서초구,CS100003,일식,3.0,7,8,1.9,2.1,91.3,59.3,31.4,3.1년,4.7년
2,서초구,CS100004,기타 외국식,3.0,15,13,2.7,2.4,85.4,61.0,35.6,3년,3.8년
2,서초구,CS100005,제과제빵,3.0,12,6,3.2,1.6,80.0,70.0,31.5,3.1년,4.8년
2,서초구,CS100006,패스트푸드,3.0,6,7,2.1,2.4,81.4,67.6,34.1,3년,4.5년
2,서초구,CS100007,치킨,4.0,3,5,1.3,2.2,75.0,54.8,23.4,2.8년,4.8년
2,서초구,CS100008,분식,3.0,33,18,4.0,2.2,70.2,51.9,34.2,2.7년,4.1년
2,서초구,CS100009,주점,3.0,6,16,1.7,4.5,85.7,38.4,19.4,2.9년,4.9년
2,서초구,CS100010,커피,3.0,73,34,5.7,2.6,80.8,50.8,31.6,2.8년,3.7년
2,성동구,CS100001,한식,3.0,56,49,2.9,2.6,79.0,51.0,37.1,2.9년,5년
2,성동구,CS100002,중식,3.0,5,3,3.2,1.9,70.8,60.9,28.0,2.8년,4.5년
2,성동구,CS100003,일식,3.0,8,3,4.3,1.6,88.6,46.8,32.5,2.6년,3.9년
2,성동구,CS100004,기타 외국식,3.0,20,8,5.6,2.2,90.5,59.3,33.3,2.3년,3.3년
2,성동구,CS100005,제과제빵,3.0,9,5,4.4,2.5,91.7,54.8,27.5,2.6년,4.1년
2,성동구,CS100006,패스트푸드,3.0,5,6,2.5,3.0,81.3,42.1,37.5,2.7년,3.8년
2,성동구,CS100007,치킨,3.0,6,5,3.2,2.7,83.9,40.5,14.3,2.6년,4.6년
2,성동구,CS100008,분식,3.0,27,17,6.9,4.3,71.0,41.3,20.2,2.4년,4년
2,성동구,CS100009,주점,3.0,9,6,4.2,2.8,82.1,37.9,35.9,2.8년,4.5년
2,성동구,CS100010,커피,3.0,52,19,6.5,2.4,82.6,50.0,37.0,2.7년,3.3년
2,성북구,CS100001,한식,3.0,58,42,2.8,2.0,85.8,60.3,39.8,2.9년,4.9년
2,성북구,CS100002,중식,3.0,11,5,6.3,2.9,90.9,56.1,30.4,2.9년,5.1년
2,성북구,CS100003,일식,2.0,8,2,4.5,1.1,80.0,53.7,35.7,2.6년,4년
2,성북구,CS100004,기타 외국식,2.0,4,6,1.6,2.4,83.9,66.7,47.8,2.7년,3.9년
2,성북구,CS100005,제과제빵,3.0,11,3,5.1,1.4,85.7,62.2,20.5,2.9년,5.1년
2,성북구,CS100006,패스트푸드,3.0,4,8,1.7,3.4,82.1,62.5,39.3,3년,4.7년
2,성북구,CS100007,치킨,3.0,4,10,1.7,4.3,71.4,36.0,26.5,2.6년,4.5년
2,성북구,CS100008,분식,3.0,22,12,4.1,2.3,71.3,48.9,30.0,2.7년,3.9년
2,성북구,CS100009,주점,3.0,6,10,2.2,3.7,79.4,47.5,14.4,2.9년,4.4년
2,성북구,CS100010,커피,3.0,52,13,7.3,1.8,89.3,60.0,32.8,2.7년,3.4년
2,송파구,CS100001,한식,3.0,128,89,3.4,2.4,78.3,54.8,36.5,2.7년,4.6년
2,송파구,CS100002,중식,3.0,15,15,5.4,5.4,73.8,38.9,43.1,2.6년,4.2년
2,송파구,CS100003,일식,3.0,18,16,3.4,3.0,82.8,52.3,45.7,2.8년,4.5년
2,송파구,CS100004,기타 외국식,3.0,28,23,5.3,4.4,85.3,59.0,38.4,2.6년,3.7년
2,송파구,CS100005,제과제빵,3.0,16,9,4.2,2.3,84.7,51.3,28.7,2.7년,4.5년
2,송파구,CS100006,패스트푸드,3.0,18,15,4.1,3.4,86.7,60.6,33.8,2.6년,4.1년
2,송파구,CS100007,치킨,3.0,8,12,2.2,3.3,79.1,46.1,30.9,2.5년,4.4년
2,송파구,CS100008,분식,3.0,50,29,5.9,3.4,64.0,48.7,27.3,2.3년,3.6년
2,송파구,CS100009,주점,3.0,15,17,3.4,3.8,67.2,47.7,20.4,2.7년,4.4년
2,송파구,CS100010,커피,3.0,104,43,7.8,3.2,75.3,47.7,31.3,2.6년,3.3년
2,양천구,CS100001,한식,3.0,54,64,3.0,3.6,81.5,49.2,33.9,2.7년,4.5년
2,양천구,CS100002,중식,3.0,8,6,5.9,4.4,73.7,54.5,45.0,2.6년,4.7년
2,양천구,CS100003,일식,2.0,11,4,6.3,2.3,76.5,56.3,42.9,2.5년,4년
2,양천구,CS100004,기타 외국식,3.0,6,6,3.7,3.7,86.4,41.2,23.1,2.3년,3.9년
2,양천구,CS100005,제과제빵,3.0,12,11,5.7,5.2,81.8,44.7,33.3,2.8년,4.7년
2,양천구,CS100006,패스트푸드,3.0,5,8,2.5,4.1,79.2,42.4,19.4,2.5년,4.2년
2,양천구,CS100007,치킨,3.0,10,12,4.3,5.2,63.0,36.5,31.8,2.3년,4.3년
2,양천구,CS100008,분식,3.0,31,21,7.1,4.8,64.9,40.5,23.2,2.4년,3.8년
2,양천구,CS100009,주점,3.0,13,14,4.1,4.4,79.1,36.8,17.9,2.7년,4.1년
2,양천구,CS100010,커피,3.0,40,19,7.2,3.4,87.8,48.2,32.7,2.6년,3.3년
2,영등포구,CS100001,한식,3.0,75,76,2.2,2.2,85.4,56.2,38.1,2.8년,4.9년
2,영등포구,CS100002,중식,2.0,28,17,4.6,2.8,79.3,49.2,27.6,2.6년,3.6년
2,영등포구,CS100003,일식,3.0,12,4,3.4,1.1,87.0,42.9,48.9,2.8년,4.6년
2,영등포구,CS100004,기타 외국식,3.0,10,6,2.9,1.7,86.1,60.0,41.8,2.7년,3.8년
2,영등포구,CS100005,제과제빵,3.0,5,7,2.0,2.7,82.2,60.5,37.0,3년,4.5년
2,영등포구,CS100006,패스트푸드,3.0,9,5,3.3,1.8,82.5,57.1,35.4,3년,4.5년
2,영등포구,CS100007,치킨,3.0,4,8,1.5,3.0,69.3,41.7,26.7,2.6년,4.7년
2,영등포구,CS100008,분식,3.0,37,13,5.0,1.7,68.4,51.0,29.9,2.5년,3.8년
2,영등포구,CS100009,주점,3.0,18,17,3.3,3.2,67.1,44.2,24.2,2.6년,4.3년
2,영등포구,CS100010,커피,3.0,65,32,5.7,2.8,80.0,54.9,39.8,2.8년,3.7년
2,용산구,CS100001,한식,3.0,51,35,2.8,1.9,84.7,59.9,39.1,3.1년,5.2년
2,용산구,CS100002,중식,4.0,6,7,3.5,4.1,87.5,58.6,39.1,3.1년,5.6년
2,용산구,CS100003,일식,3.0,7,9,2.7,3.5,85.0,63.5,21.7,2.9년,4.3년
2,용산구,CS100004,기타 외국식,3.0,39,20,4.8,2.5,90.8,63.8,42.8,2.9년,4년
2,용산구,CS100005,제과제빵,3.0,7,4,2.9,1.7,92.1,53.8,27.0,3년,4.7년
2,용산구,CS100006,패스트푸드,3.0,4,3,1.8,1.3,86.8,64.7,42.5,3.1년,4.6년
2,용산구,CS100007,치킨,3.0,5,5,3.7,3.7,96.2,43.5,20.0,2.7년,5년
2,용산구,CS100008,분식,3.0,30,15,5.5,2.7,76.6,39.1,33.0,2.4년,4년
2,용산구,CS100009,주점,3.0,3,15,1.0,4.9,84.2,40.7,26.6,3년,4.8년
2,용산구,CS100010,커피,3.0,59,15,7.1,1.8,84.8,56.8,35.0,2.8년,3.5년
2,은평구,CS100001,한식,3.0,67,65,3.1,3.0,81.5,54.7,36.1,2.6년,4.6년
2,은평구,CS100002,중식,3.0,6,7,3.7,4.3,79.1,30.4,36.7,2.5년,4.5년
2,은평구,CS100003,일식,2.0,15,11,7.8,5.7,82.5,54.5,26.2,2.4년,3.7년
2,은평구,CS100004,기타 외국식,2.0,4,2,2.4,1.2,81.8,54.5,44.4,2.3년,3.4년
2,은평구,CS100005,제과제빵,3.0,6,4,2.8,1.9,92.1,43.9,44.4,2.8년,4.6년
2,은평구,CS100006,패스트푸드,3.0,8,8,3.7,3.7,78.0,51.7,35.7,2.6년,4.3년
2,은평구,CS100007,치킨,3.0,9,13,3.4,4.9,68.8,24.3,30.6,2.3년,4.1년
2,은평구,CS100008,분식,3.0,25,13,4.7,2.4,71.0,37.9,29.3,2.4년,3.7년
2,은평구,CS100009,주점,3.0,8,8,2.3,2.3,82.9,37.6,17.8,2.6년,4.4년
2,은평구,CS100010,커피,3.0,41,22,6.3,3.4,80.5,48.0,33.1,2.5년,3.2년
2,종로구,CS100001,한식,3.0,62,42,2.1,1.4,88.4,63.2,42.9,3.1년,5.6년
2,종로구,CS100002,중식,3.0,10,3,4.7,1.4,96.6,42.9,35.0,2.8년,5.2년
2,종로구,CS100003,일식,3.0,15,6,4.9,2.0,88.9,54.2,43.4,3년,4.8년
2,종로구,CS100004,기타 외국식,3.0,6,9,1.1,1.7,88.9,55.2,36.6,3.1년,4.6년
2,종로구,CS100005,제과제빵,3.0,5,3,2.0,1.2,89.2,64.3,29.3,3년,4.7년
2,종로구,CS100006,패스트푸드,3.0,3,5,1.1,1.9,83.3,63.0,55.8,3.4년,4.9년
2,종로구,CS100007,치킨,3.0,5,4,3.8,3.0,85.0,54.2,25.0,2.7년,5.5년
2,종로구,CS100008,분식,3.0,30,17,4.2,2.4,77.5,51.5,23.0,2.6년,4.5년
2,종로구,CS100009,주점,3.0,5,9,1.2,2.2,88.0,46.4,28.0,3.3년,5.2년
2,종로구,CS100010,커피,3.0,58,25,4.8,2.1,79.1,60.2,36.6,3년,4.2년
2,중구,CS100001,한식,3.0,60,46,2.2,1.7,90.2,62.0,39.9,3.1년,5.8년
2,중구,CS100002,중식,3.0,10,7,3.7,2.6,87.9,63.0,47.5,3.2년,5.1년
2,중구,CS100003,일식,3.0,10,13,3.5,4.5,91.8,54.5,35.0,2.9년,5년
2,중구,CS100004,기타 외국식,3.0,8,11,1.9,2.6,83.6,63.5,37.5,3년,4.6년
2,중구,CS100005,제과제빵,3.0,5,9,2.1,3.7,86.2,55.6,32.5,3.1년,5.1년
2,중구,CS100006,패스트푸드,3.0,3,3,1.3,1.3,87.5,47.5,42.4,3.2년,4.7년
2,중구,CS100007,치킨,3.0,1,6,0.7,4.3,83.3,43.8,26.7,3년,5.8년
2,중구,CS100008,분식,3.0,16,12,2.1,1.6,68.7,45.3,31.5,2.6년,4.4년
2,중구,CS100009,주점,3.0,3,5,1.0,1.7,87.2,52.1,28.3,3년,5.1년
2,중구,CS100010,커피,3.0,55,21,5.0,1.9,84.7,49.5,42.9,2.8년,4.1년
2,중랑구,CS100001,한식,3.0,66,60,2.9,2.7,78.7,51.9,32.4,2.7년,4.5년
2,중랑구,CS100002,중식,2.0,10,4,8.7,3.5,63.2,38.1,28.0,2.3년,4년
2,중랑구,CS100003,일식,2.0,4,2,2.8,1.4,87.5,65.4,64.3,2.7년,3.8년
2,중랑구,CS100004,기타 외국식,2.0,3,6,2.4,4.8,90.3,55.0,41.7,2.5년,3.6년
2,중랑구,CS100005,제과제빵,3.0,6,7,4.2,4.9,77.4,42.9,23.1,2.4년,4.4년
2,중랑구,CS100006,패스트푸드,3.0,3,4,1.8,2.4,76.9,59.4,41.9,2.6년,4.1년
2,중랑구,CS100007,치킨,3.0,10,5,4.0,2.0,80.3,37.1,21.7,2.2년,3.9년
2,중랑구,CS100008,분식,2.0,24,11,6.0,2.7,71.6,40.5,21.3,2.4년,3.8년
2,중랑구,CS100009,주점,3.0,20,12,5.7,3.4,64.4,35.3,16.2,2.4년,4년
2,중랑구,CS100010,커피,3.0,38,20,7.8,4.1,75.8,53.0,27.9,2.5년,3.1년
3,강남구,CS100001,한식,4.0,140,247,2.7,4.8,73.8,53.2,34.3,2.7년,4.7년
3,강남구,CS100002,중식,4.0,26,20,5.4,4.2,68.7,48.0,34.8,2.7년,4.7년
3,강남구,CS100003,일식,4.0,32,30,3.3,3.1,82.2,65.3,42.7,2.9년,4.2년
3,강남구,CS100004,기타 외국식,3.0,65,61,4.4,4.1,79.2,49.4,37.4,2.6년,3.7년
3,강남구,CS100005,제과제빵,3.0,23,13,4.3,2.4,88.4,50.6,36.4,3년,4.4년
3,강남구,CS100006,패스트푸드,3.0,14,25,2.3,4.1,78.6,50.5,38.0,2.9년,4.4년
3,강남구,CS100007,치킨,4.0,22,19,6.3,5.4,59.3,54.5,25.8,2.7년,4.6년
3,강남구,CS100008,분식,4.0,67,58,5.2,4.5,60.1,42.0,25.4,2.2년,3.6년
3,강남구,CS100009,주점,4.0,12,37,1.9,5.7,80.4,36.5,18.3,2.7년,4.3년
3,강남구,CS100010,커피,3.0,118,115,4.9,4.8,78.5,51.1,32.5,2.7년,3.7년
3,강동구,CS100001,한식,3.0,69,144,3.0,6.4,68.0,52.4,34.3,2.7년,4.5년
3,강동구,CS100002,중식,3.0,11,11,6.3,6.3,75.0,48.5,26.1,2.5년,4.4년
3,강동구,CS100003,일식,3.0,8,16,3.3,6.6,77.2,59.6,37.7,2.4년,4.1년
3,강동구,CS100004,기타 외국식,3.0,7,7,3.3,3.3,75.0,44.2,45.2,2.5년,3.5년
3,강동구,CS100005,제과제빵,3.0,6,13,2.3,5.1,82.0,29.2,38.8,2.7년,4.3년
3,강동구,CS100006,패스트푸드,3.0,10,14,4.0,5.6,74.3,36.4,29.0,2.7년,4.2년
3,강동구,CS100007,치킨,3.0,12,27,4.1,9.3,65.8,39.7,30.0,2.4년,4.2년
3,강동구,CS100008,분식,3.0,33,25,5.9,4.5,67.7,54.7,30.8,2.4년,3.5년
3,강동구,CS100009,주점,3.0,16,21,4.4,5.8,62.5,31.1,19.9,2.6년,4.2년
3,강동구,CS100010,커피,3.0,58,40,7.4,5.1,83.8,54.5,28.2,2.6년,3.3년
3,강북구,CS100001,한식,3.0,52,96,2.7,4.9,75.2,50.1,35.3,2.6년,4.5년
3,강북구,CS100002,중식,2.0,7,6,5.6,4.8,60.9,64.3,25.9,2.3년,4.2년
3,강북구,CS100003,일식,3.0,6,8,4.8,6.4,71.4,44.4,35.9,2.4년,3.8년
3,강북구,CS100004,기타 외국식,2.0,4,7,3.7,6.5,70.3,69.2,25.0,2.3년,3.3년
3,강북구,CS100005,제과제빵,3.0,2,3,1.7,2.5,94.7,45.5,26.1,2.7년,4.6년
3,강북구,CS100006,패스트푸드,3.0,9,11,6.0,7.3,75.6,58.3,45.5,2.7년,4.3년
3,강북구,CS100007,치킨,3.0,9,8,4.3,3.8,63.2,42.3,34.1,2.4년,4.2년
3,강북구,CS100008,분식,2.0,20,19,5.7,5.4,66.2,36.9,30.2,2.4년,3.6년
3,강북구,CS100009,주점,3.0,11,17,3.5,5.5,70.6,32.4,18.1,2.4년,4년
3,강북구,CS100010,커피,3.0,35,18,7.4,3.8,83.8,50.0,22.2,2.5년,3.1년
3,강서구,CS100001,한식,3.0,114,173,3.7,5.6,74.2,48.1,33.3,2.6년,4.3년
3,강서구,CS100002,중식,3.0,19,25,7.5,9.9,64.5,49.1,37.7,2.4년,4.1년
3,강서구,CS100003,일식,3.0,20,22,5.4,5.9,84.4,54.3,43.3,2.5년,3.7년
3,강서구,CS100004,기타 외국식,3.0,18,15,6.1,5.1,71.3,46.7,38.7,2.4년,3.3년
3,강서구,CS100005,제과제빵,3.0,7,15,2.3,5.0,77.6,52.4,32.8,2.7년,4.2년
3,강서구,CS100006,패스트푸드,3.0,10,20,3.2,6.5,81.1,44.4,38.3,2.6년,4.1년
3,강서구,CS100007,치킨,3.0,18,23,5.4,6.9,60.5,45.5,19.4,2.5년,4.1년
3,강서구,CS100008,분식,3.0,54,43,7.7,6.1,67.7,35.4,35.0,2.3년,3.5년
3,강서구,CS100009,주점,3.0,14,33,2.8,6.7,80.7,38.5,20.3,2.7년,4.4년
3,강서구,CS100010,커피,3.0,66,70,6.4,6.7,76.4,50.7,32.0,2.5년,3년
3,관악구,CS100001,한식,3.0,79,164,3.1,6.3,69.7,51.0,31.3,2.6년,4.5년
3,관악구,CS100002,중식,3.0,11,15,5.0,6.8,62.7,58.5,30.5,2.6년,4.2년
3,관악구,CS100003,일식,3.0,17,18,5.9,6.2,70.6,56.9,37.7,2.4년,3.6년
3,관악구,CS100004,기타 외국식,3.0,13,15,4.6,5.3,70.1,59.6,36.0,2.5년,3.9년
3,관악구,CS100005,제과제빵,3.0,7,7,3.3,3.3,72.7,56.8,28.6,2.6년,4.6년
3,관악구,CS100006,패스트푸드,3.0,10,12,3.9,4.7,72.2,56.5,26.0,2.6년,4.1년
3,관악구,CS100007,치킨,3.0,10,29,3.9,11.4,63.3,21.7,19.7,2.6년,4년
3,관악구,CS100008,분식,3.0,29,28,4.7,4.6,65.8,42.2,23.5,2.3년,3.8년
3,관악구,CS100009,주점,3.0,8,29,1.8,6.5,83.7,36.2,16.9,2.6년,4.2년
3,관악구,CS100010,커피,3.0,48,38,6.3,4.9,79.6,49.7,30.9,2.5년,3.2년
3,광진구,CS100001,한식,3.0,67,106,3.0,4.8,76.5,53.9,33.0,2.8년,4.7년
3,광진구,CS100002,중식,3.0,13,8,5.3,3.3,96.6,48.0,41.8,2.9년,4.2년
3,광진구,CS100003,일식,3.0,9,11,3.5,4.3,72.7,59.3,36.4,2.8년,4.3년
3,광진구,CS100004,기타 외국식,3.0,11,11,4.3,4.3,84.3,54.0,30.6,2.6년,4년
3,광진구,CS100005,제과제빵,3.0,10,10,4.4,4.4,75.0,50.0,37.0,2.7년,4.6년
3,광진구,CS100006,패스트푸드,3.0,7,10,3.2,4.6,73.5,64.3,36.8,2.8년,4.6년
3,광진구,CS100007,치킨,3.0,2,15,0.9,6.9,80.0,48.3,35.9,2.6년,4.4년
3,광진구,CS100008,분식,3.0,20,20,3.7,3.7,63.7,51.1,30.4,2.3년,3.9년
3,광진구,CS100009,주점,3.0,8,21,2.1,5.5,79.5,40.2,20.1,2.8년,4.2년
3,광진구,CS100010,커피,3.0,63,43,7.7,5.3,76.4,56.5,32.6,2.6년,3.4년
3,구로구,CS100001,한식,3.0,60,131,2.7,5.9,78.0,50.6,37.9,2.8년,4.9년
3,구로구,CS100002,중식,2.0,17,12,4.5,3.2,82.0,52.0,24.3,2.5년,3.7년
3,구로구,CS100003,일식,3.0,2,9,1.2,5.2,76.9,75.0,52.9,2.8년,4.7년
3,구로구,CS100004,기타 외국식,3.0,5,7,3.4,4.7,79.2,41.4,48.6,2.7년,3.7년
3,구로구,CS100005,제과제빵,3.0,5,6,3.0,3.6,80.0,30.3,45.2,2.8년,4.6년
3,구로구,CS100006,패스트푸드,3.0,10,9,4.9,4.4,94.3,51.7,37.9,2.8년,4.4년
3,구로구,CS100007,치킨,3.0,3,17,1.1,6.3,81.5,42.4,32.7,2.6년,4.3년
3,구로구,CS100008,분식,3.0,17,32,3.6,6.8,72.3,43.2,28.0,2.5년,3.9년
3,구로구,CS100009,주점,3.0,18,17,4.6,4.3,76.8,35.8,21.3,2.4년,4년
3,구로구,CS100010,커피,3.0,33,18,5.5,3.0,82.7,58.0,36.0,2.6년,3.4년
3,금천구,CS100001,한식,3.0,42,77,2.3,4.3,80.8,56.1,31.9,2.7년,4.7년
3,금천구,CS100002,중식,2.0,17,11,8.0,5.2,74.5,39.2,36.7,2.3년,3.5년
3,금천구,CS100003,일식,3.0,9,3,7.9,2.6,82.1,70.0,35.3,2.6년,3.9년
3,금천구,CS100004,기타 외국식,2.0,9,4,8.3,3.7,72.4,45.5,27.3,2.5년,3.7년
3,금천구,CS100005,제과제빵,3.0,7,7,6.6,6.6,61.5,57.7,41.7,2.8년,5.1년
3,금천구,CS100006,패스트푸드,3.0,9,8,6.6,5.9,73.1,62.1,47.1,2.6년,4년
3,금천구,CS100007,치킨,3.0,11,13,6.5,7.6,73.5,52.6,24.0,2.6년,4.6년
3,금천구,CS100008,분식,3.0,19,13,5.4,3.7,65.4,59.3,25.0,2.5년,3.7년
3,금천구,CS100009,주점,3.0,12,16,5.0,6.7,62.5,44.0,18.6,2.6년,4년
3,금천구,CS100010,커피,3.0,41,21,7.6,3.9,81.8,48.1,29.9,2.5년,3.2년
3,노원구,CS100001,한식,3.0,43,110,2.2,5.5,71.7,55.9,42.4,2.9년,4.8년
3,노원구,CS100002,중식,3.0,6,8,3.8,5.1,76.7,45.5,36.4,2.8년,4.7년
3,노원구,CS100003,일식,3.0,7,8,3.8,4.3,85.7,41.0,28.9,2.6년,3.8년
3,노원구,CS100004,기타 외국식,3.0,6,7,3.2,3.7,85.1,62.5,45.5,2.7년,4년
3,노원구,CS100005,제과제빵,3.0,6,8,2.6,3.4,81.3,42.5,35.0,2.9년,4.9년
3,노원구,CS100006,패스트푸드,3.0,7,10,2.8,4.0,82.5,39.5,31.9,2.8년,4.7년
3,노원구,CS100007,치킨,3.0,13,24,4.5,8.4,66.7,47.4,22.0,2.5년,4.2년
3,노원구,CS100008,분식,3.0,21,14,4.4,2.9,57.6,52.7,30.2,2.5년,4년
3,노원구,CS100009,주점,3.0,11,17,4.6,7.1,79.2,50.0,18.2,2.9년,4.4년
3,노원구,CS100010,커피,3.0,49,31,7.6,4.8,84.9,53.0,29.5,2.7년,3.4년
3,도봉구,CS100001,한식,3.0,30,64,2.1,4.4,75.7,53.7,35.9,2.8년,4.8년
3,도봉구,CS100002,중식,3.0,4,9,4.3,9.7,81.0,60.0,37.5,2.8년,4.8년
3,도봉구,CS100003,일식,2.0,0,6,0.0,6.1,73.5,55.6,13.3,2.5년,3.8년
3,도봉구,CS100004,기타 외국식,2.0,3,7,3.1,7.1,86.7,50.0,18.2,2.8년,4.1년
3,도봉구,CS100005,제과제빵,3.0,8,4,6.5,3.3,88.5,29.2,10.0,2.4년,4.9년
3,도봉구,CS100006,패스트푸드,3.0,3,5,2.7,4.5,81.0,68.8,53.3,3년,4.5년
3,도봉구,CS100007,치킨,3.0,7,14,3.5,7.1,68.9,44.4,22.9,2.6년,4.1년
3,도봉구,CS100008,분식,3.0,17,22,5.4,7.0,74.6,46.9,23.9,2.3년,3.8년
3,도봉구,CS100009,주점,2.0,7,5,3.3,2.4,81.5,47.7,23.8,2.8년,4.2년
3,도봉구,CS100010,커피,3.0,31,25,8.5,6.9,77.2,45.1,27.3,2.7년,3.4년
3,동대문구,CS100001,한식,3.0,64,121,2.7,5.0,76.1,54.7,34.5,2.8년,4.8년
3,동대문구,CS100002,중식,3.0,11,18,5.3,8.7,77.3,47.5,36.1,2.5년,4.4년
3,동대문구,CS100003,일식,2.0,14,10,7.7,5.5,84.2,41.9,25.0,2.6년,4.1년
3,동대문구,CS100004,기타 외국식,2.0,4,10,2.0,4.9,85.0,61.5,28.9,2.8년,3.9년
3,동대문구,CS100005,제과제빵,3.0,7,6,4.0,3.4,77.1,40.7,41.7,2.5년,5년
3,동대문구,CS100006,패스트푸드,3.0,4,7,1.8,3.2,79.1,62.5,39.5,2.9년,4.4년
3,동대문구,CS100007,치킨,3.0,10,15,4.2,6.3,61.8,28.8,41.5,2.5년,4.2년
3,동대문구,CS100008,분식,3.0,19,15,4.1,3.3,67.2,41.8,21.5,2.6년,4년
3,동대문구,CS100009,주점,3.0,7,9,2.5,3.2,84.0,32.4,18.1,2.6년,4.6년
3,동대문구,CS100010,커피,3.0,40,36,6.1,5.5,80.0,56.3,41.9,2.7년,3.4년
3,동작구,CS100001,한식,3.0,37,82,2.0,4.5,77.5,61.3,39.7,3년,5.3년
3,동작구,CS100002,중식,3.0,6,7,3.6,4.2,73.9,50.0,45.5,3.1년,4.4년
3,동작구,CS100003,일식,3.0,7,8,3.3,3.7,80.6,63.6,29.2,2.9년,5.1년
3,동작구,CS100004,기타 외국식,3.0,7,10,4.5,6.5,85.7,59.3,25.7,2.8년,3.8년
3,동작구,CS100005,제과제빵,3.0,10,9,5.0,4.5,83.3,57.6,31.7,3년,4.9년
3,동작구,CS100006,패스트푸드,3.0,5,2,2.2,0.9,93.5,55.8,33.3,2.8년,4.5년
3,동작구,CS100007,치킨,3.0,5,11,2.2,4.9,66.7,38.6,34.0,2.8년,4.5년
3,동작구,CS100008,분식,3.0,25,18,6.3,4.5,75.9,38.0,27.7,2.5년,3.9년
3,동작구,CS100009,주점,3.0,4,17,1.6,6.9,100.0,41.2,16.0,3년,4.7년
3,동작구,CS100010,커피,3.0,35,31,5.6,5.0,76.9,50.0,35.3,2.6년,3.4년
3,마포구,CS100001,한식,3.0,98,180,2.9,5.3,77.8,54.7,31.1,2.8년,4.6년
3,마포구,CS100002,중식,3.0,17,18,5.3,5.6,71.4,53.3,43.1,2.7년,4.3년
3,마포구,CS100003,일식,3.0,46,32,6.9,4.8,82.5,49.7,35.3,2.7년,3.7년
3,마포구,CS100004,기타 외국식,3.0,37,46,3.9,4.9,84.7,57.0,31.0,2.8년,3.7년
3,마포구,CS100005,제과제빵,3.0,22,17,5.4,4.2,75.7,47.1,23.7,2.8년,4.1년
3,마포구,CS100006,패스트푸드,3.0,14,22,3.7,5.7,79.8,50.0,32.9,2.7년,4.1년
3,마포구,CS100007,치킨,3.0,3,12,1.2,4.8,82.6,41.7,33.3,2.7년,4.5년
3,마포구,CS100008,분식,3.0,64,33,7.6,3.9,60.5,36.2,26.0,2.2년,3.5년
3,마포구,CS100009,주점,3.0,7,34,1.1,5.5,81.3,38.2,23.1,3년,4.5년
3,마포구,CS100010,커피,3.0,143,73,7.4,3.8,78.5,47.5,31.5,2.5년,3.3년
3,서대문구,CS100001,한식,3.0,52,97,2.9,5.4,81.3,50.7,43.4,3년,5.2년
3,서대문구,CS100002,중식,3.0,10,7,5.4,3.8,84.4,45.1,40.9,2.8년,4.3년
3,서대문구,CS100003,일식,3.0,7,12,3.6,6.1,72.2,64.1,36.2,3년,4.3년
3,서대문구,CS100004,기타 외국식,3.0,7,8,2.7,3.1,84.4,51.9,30.9,2.7년,4.1년
3,서대문구,CS100005,제과제빵,3.0,12,7,6.0,3.5,87.9,52.3,16.0,2.8년,4.6년
3,서대문구,CS100006,패스트푸드,3.0,6,18,2.6,7.8,78.0,67.9,40.6,2.9년,4.7년
3,서대문구,CS100007,치킨,3.0,6,16,3.2,8.5,77.8,43.2,20.0,2.5년,4.6년
3,서대문구,CS100008,분식,3.0,33,19,6.2,3.6,76.2,51.2,27.0,2.4년,4년
3,서대문구,CS100009,주점,3.0,8,7,2.9,2.5,82.1,38.4,25.7,2.9년,4.6년
3,서대문구,CS100010,커피,3.0,56,22,8.5,3.3,79.7,49.6,33.3,2.6년,3.5년
3,서초구,CS100001,한식,4.0,61,125,2.1,4.3,78.0,51.8,36.4,2.9년,4.9년
3,서초구,CS100002,중식,4.0,9,17,3.5,6.5,76.7,37.5,35.7,2.9년,5년
3,서초구,CS100003,일식,3.0,15,18,4.0,4.8,88.6,55.4,44.0,3.1년,4.8년
3,서초구,CS100004,기타 외국식,3.0,17,24,3.1,4.4,82.3,59.7,41.1,3년,3.8년
3,서초구,CS100005,제과제빵,3.0,7,9,1.9,2.4,78.8,70.0,36.2,3.1년,4.8년
3,서초구,CS100006,패스트푸드,3.0,5,10,1.7,3.5,78.0,75.6,33.3,3년,4.6년
3,서초구,CS100007,치킨,4.0,4,11,1.8,5.0,75.0,52.8,27.1,2.7년,4.8년
3,서초구,CS100008,분식,3.0,33,20,3.9,2.4,73.0,49.1,39.1,2.7년,4.1년
3,서초구,CS100009,주점,3.0,7,13,2.0,3.7,86.2,46.8,22.7,3년,4.9년
3,서초구,CS100010,커피,3.0,69,51,5.3,3.9,81.0,47.8,35.4,2.8년,3.7년
3,성동구,CS100001,한식,3.0,49,78,2.6,4.1,78.0,54.2,39.1,2.9년,5년
3,성동구,CS100002,중식,3.0,4,6,2.6,3.9,73.3,55.0,33.3,2.8년,4.5년
3,성동구,CS100003,일식,3.0,15,8,7.8,4.1,94.9,45.3,40.4,2.6년,3.8년
3,성동구,CS100004,기타 외국식,3.0,17,17,4.8,4.8,90.2,54.5,32.1,2.4년,3.4년
3,성동구,CS100005,제과제빵,3.0,7,8,3.5,4.0,87.5,59.0,32.5,2.7년,4.1년
3,성동구,CS100006,패스트푸드,3.0,3,8,1.5,4.1,83.3,53.5,30.0,2.8년,3.9년
3,성동구,CS100007,치킨,3.0,5,7,2.7,3.8,78.1,37.5,21.4,2.7년,4.7년
3,성동구,CS100008,분식,3.0,26,16,6.5,4.0,67.1,42.5,23.6,2.4년,4년
3,성동구,CS100009,주점,3.0,5,12,2.4,5.9,63.6,43.9,31.7,2.9년,4.5년
3,성동구,CS100010,커피,3.0,50,33,6.1,4.0,83.0,50.3,39.0,2.6년,3.3년
3,성북구,CS100001,한식,3.0,59,92,2.9,4.5,79.9,60.6,37.9,2.9년,5년
3,성북구,CS100002,중식,3.0,7,8,4.0,4.6,82.1,61.2,47.1,2.9년,5.1년
3,성북구,CS100003,일식,2.0,11,7,6.0,3.8,74.3,53.8,34.0,2.6년,4년
3,성북구,CS100004,기타 외국식,2.0,7,13,2.9,5.4,77.1,62.2,38.9,2.8년,3.9년
3,성북구,CS100005,제과제빵,3.0,9,7,4.2,3.2,87.8,50.0,20.9,2.8년,5.1년
3,성북구,CS100006,패스트푸드,3.0,5,11,2.2,4.8,77.2,60.6,36.7,3.1년,4.7년
3,성북구,CS100007,치킨,3.0,6,12,2.6,5.3,71.4,31.1,24.1,2.7년,4.5년
3,성북구,CS100008,분식,3.0,16,26,3.1,5.0,73.6,57.8,29.4,2.6년,3.9년
3,성북구,CS100009,주점,3.0,6,12,2.3,4.6,70.8,46.6,18.1,2.9년,4.4년
3,성북구,CS100010,커피,3.0,57,23,7.7,3.1,86.5,62.3,34.6,2.7년,3.4년
3,송파구,CS100001,한식,3.0,108,223,3.0,6.2,72.7,50.9,34.8,2.7년,4.6년
3,송파구,CS100002,중식,3.0,13,18,4.7,6.6,66.7,48.3,37.0,2.7년,4.2년
3,송파구,CS100003,일식,3.0,20,14,3.8,2.6,78.8,54.2,40.7,2.8년,4.5년
3,송파구,CS100004,기타 외국식,3.0,20,16,3.8,3.0,84.9,52.3,44.7,2.7년,3.7년
3,송파구,CS100005,제과제빵,3.0,14,19,3.7,5.0,79.2,41.4,26.5,2.7년,4.5년
3,송파구,CS100006,패스트푸드,3.0,14,22,3.2,5.1,77.2,58.0,38.4,2.7년,4.2년
3,송파구,CS100007,치킨,3.0,15,21,4.2,5.9,71.8,43.0,32.2,2.5년,4.4년
3,송파구,CS100008,분식,3.0,42,37,4.9,4.3,62.7,46.1,27.1,2.3년,3.6년
3,송파구,CS100009,주점,3.0,24,22,5.4,4.9,54.5,49.0,20.6,2.7년,4.4년
3,송파구,CS100010,커피,3.0,103,67,7.5,4.9,74.9,51.4,31.5,2.6년,3.3년
3,양천구,CS100001,한식,3.0,36,77,2.1,4.5,75.9,48.9,35.4,2.8년,4.6년
3,양천구,CS100002,중식,3.0,8,4,5.8,2.9,73.1,56.5,37.5,2.6년,4.7년
3,양천구,CS100003,일식,2.0,11,11,6.3,6.3,66.7,54.8,36.6,2.5년,4년
3,양천구,CS100004,기타 외국식,2.0,4,8,2.5,5.1,76.2,42.1,31.6,2.4년,3.9년
3,양천구,CS100005,제과제빵,3.0,2,9,1.0,4.4,82.2,47.2,28.6,2.8년,4.7년
3,양천구,CS100006,패스트푸드,3.0,8,15,4.2,7.9,74.1,46.9,29.7,2.5년,4.2년
3,양천구,CS100007,치킨,3.0,7,11,3.1,4.9,66.7,38.9,32.6,2.3년,4.3년
3,양천구,CS100008,분식,3.0,20,22,4.6,5.1,60.6,39.8,28.2,2.4년,3.9년
3,양천구,CS100009,주점,3.0,2,20,0.7,6.6,73.0,43.1,19.6,2.7년,4.2년
3,양천구,CS100010,커피,3.0,33,25,5.9,4.4,83.2,52.9,34.4,2.6년,3.3년
3,영등포구,CS100001,한식,3.0,102,159,3.1,4.8,82.4,54.1,37.9,2.9년,4.9년
3,영등포구,CS100002,중식,3.0,30,29,4.9,4.7,80.0,53.1,31.4,2.6년,3.7년
3,영등포구,CS100003,일식,3.0,19,15,5.3,4.2,90.5,45.1,48.1,2.8년,4.6년
3,영등포구,CS100004,기타 외국식,3.0,9,11,2.6,3.2,84.1,59.0,45.6,2.7년,3.8년
3,영등포구,CS100005,제과제빵,3.0,8,11,3.2,4.3,75.0,54.3,44.7,3년,4.5년
3,영등포구,CS100006,패스트푸드,3.0,5,13,1.9,4.9,85.2,60.5,40.5,3년,4.5년
3,영등포구,CS100007,치킨,3.0,9,10,3.4,3.8,75.4,51.1,30.8,2.6년,4.8년
3,영등포구,CS100008,분식,3.0,33,25,4.4,3.3,68.9,46.7,32.2,2.5년,3.8년
3,영등포구,CS100009,주점,3.0,17,34,3.3,6.5,72.9,44.8,20.7,2.6년,4.3년
3,영등포구,CS100010,커피,3.0,48,39,4.2,3.4,78.2,49.3,39.6,2.8년,3.7년
3,용산구,CS100001,한식,3.0,41,66,2.2,3.6,86.8,58.1,39.3,3.1년,5.2년
3,용산구,CS100002,중식,4.0,1,4,0.6,2.4,84.6,53.6,32.0,3.2년,5.7년
3,용산구,CS100003,일식,3.0,10,9,3.9,3.5,87.1,69.5,25.0,2.9년,4.4년
3,용산구,CS100004,기타 외국식,3.0,42,30,5.1,3.6,88.1,64.7,43.4,2.9년,4년
3,용산구,CS100005,제과제빵,3.0,8,4,3.3,1.6,89.5,57.1,42.1,2.9년,4.7년
3,용산구,CS100006,패스트푸드,3.0,3,8,1.4,3.6,87.2,60.0,44.4,3.1년,4.7년
3,용산구,CS100007,치킨,3.0,3,7,2.3,5.3,84.2,44.0,18.8,2.7년,5년
3,용산구,CS100008,분식,3.0,28,24,5.1,4.4,77.1,36.5,33.0,2.4년,4년
3,용산구,CS100009,주점,3.0,4,11,1.3,3.7,84.4,46.3,25.0,3년,4.9년
3,용산구,CS100010,커피,3.0,43,31,5.1,3.7,82.9,58.4,35.1,2.8년,3.5년
3,은평구,CS100001,한식,3.0,58,94,2.7,4.4,77.1,54.8,34.5,2.7년,4.6년
3,은평구,CS100002,중식,3.0,9,9,5.6,5.6,78.9,28.0,35.3,2.5년,4.5년
3,은평구,CS100003,일식,2.0,6,9,3.2,4.7,81.8,51.2,33.3,2.5년,3.8년
3,은평구,CS100004,기타 외국식,2.0,9,9,5.4,5.4,81.4,48.3,35.7,2.3년,3.4년
3,은평구,CS100005,제과제빵,3.0,10,8,4.7,3.7,91.7,57.4,36.0,2.8년,4.6년
3,은평구,CS100006,패스트푸드,3.0,6,11,2.9,5.2,83.0,45.5,36.2,2.7년,4.3년
3,은평구,CS100007,치킨,3.0,6,18,2.4,7.1,69.4,21.6,32.3,2.3년,4.1년
3,은평구,CS100008,분식,3.0,17,26,3.2,4.9,71.0,43.0,30.9,2.4년,3.7년
3,은평구,CS100009,주점,3.0,17,18,4.9,5.2,85.7,41.8,17.5,2.6년,4.4년
3,은평구,CS100010,커피,3.0,46,42,7.0,6.4,73.2,51.1,32.8,2.5년,3.2년
3,종로구,CS100001,한식,3.0,79,119,2.7,4.1,85.3,62.2,40.9,3.1년,5.6년
3,종로구,CS100002,중식,3.0,6,9,2.8,4.3,92.6,39.1,42.2,2.9년,5.3년
3,종로구,CS100003,일식,3.0,12,11,3.9,3.6,85.3,54.8,41.7,2.9년,4.8년
3,종로구,CS100004,기타 외국식,3.0,26,11,4.8,2.0,81.3,58.9,42.2,3.1년,4.6년
3,종로구,CS100005,제과제빵,3.0,8,13,3.2,5.2,85.7,66.0,36.2,3년,4.7년
3,종로구,CS100006,패스트푸드,4.0,2,13,0.8,5.1,73.2,60.4,62.3,3.5년,4.9년
3,종로구,CS100007,치킨,3.0,4,4,3.0,3.0,75.0,61.3,26.3,2.7년,5.5년
3,종로구,CS100008,분식,3.0,30,17,4.1,2.3,81.0,50.5,30.7,2.6년,4.5년
3,종로구,CS100009,주점,3.0,7,17,1.7,4.2,91.4,51.2,29.5,3.3년,5.2년
3,종로구,CS100010,커피,3.0,58,36,4.7,2.9,80.0,57.1,35.5,3년,4.2년
3,중구,CS100001,한식,3.0,58,101,2.1,3.7,84.7,62.4,37.8,3.1년,5.8년
3,중구,CS100002,중식,3.0,8,12,3.0,4.5,71.9,53.8,36.2,3.2년,5.1년
3,중구,CS100003,일식,3.0,13,10,4.5,3.4,83.7,51.7,30.0,2.9년,5년
3,중구,CS100004,기타 외국식,3.0,13,12,3.0,2.8,82.8,66.2,39.2,3년,4.6년
3,중구,CS100005,제과제빵,3.0,7,4,2.9,1.6,82.1,61.1,31.0,3.1년,5.1년
3,중구,CS100006,패스트푸드,3.0,10,12,4.4,5.3,87.9,40.0,33.3,3.1년,4.7년
3,중구,CS100007,치킨,3.0,1,2,0.7,1.4,76.5,41.7,32.1,3년,5.8년
3,중구,CS100008,분식,3.0,28,22,3.6,2.8,75.9,47.9,33.1,2.6년,4.4년
3,중구,CS100009,주점,3.0,5,13,1.7,4.4,80.0,52.1,29.4,3.1년,5.1년
3,중구,CS100010,커피,3.0,52,42,4.7,3.8,84.9,52.6,41.1,2.8년,4.1년
3,중랑구,CS100001,한식,2.0,58,115,2.6,5.2,73.2,55.0,33.7,2.7년,4.5년
3,중랑구,CS100002,중식,2.0,7,13,6.4,11.9,71.4,38.5,35.0,2.2년,4년
3,중랑구,CS100003,일식,2.0,10,9,7.0,6.3,82.8,46.2,43.8,2.7년,3.8년
3,중랑구,CS100004,기타 외국식,2.0,4,4,3.2,3.2,90.9,55.6,36.4,2.5년,3.6년
3,중랑구,CS100005,제과제빵,3.0,6,6,4.2,4.2,74.1,40.5,27.3,2.5년,4.4년
3,중랑구,CS100006,패스트푸드,3.0,4,6,2.5,3.7,84.6,53.3,37.9,2.7년,4.1년
3,중랑구,CS100007,치킨,3.0,4,15,1.7,6.4,79.2,32.1,26.4,2.3년,4년
3,중랑구,CS100008,분식,2.0,30,23,7.3,5.6,73.8,37.5,21.1,2.4년,3.8년
3,중랑구,CS100009,주점,3.0,17,16,4.8,4.5,64.1,34.9,19.2,2.4년,4년
3,중랑구,CS100010,커피,3.0,38,31,7.7,6.3,77.9,53.2,29.8,2.5년,3.1년
4,강남구,CS100001,한식,4.0,160,192,3.1,3.7,74.0,53.0,35.8,2.8년,4.7년
4,강남구,CS100002,중식,4.0,16,15,3.3,3.1,66.2,50.9,45.6,2.7년,4.7년
4,강남구,CS100003,일식,4.0,30,43,3.2,4.5,79.6,60.4,43.3,2.9년,4.2년
4,강남구,CS100004,기타 외국식,3.0,55,51,3.7,3.4,74.6,48.8,40.1,2.6년,3.7년
4,강남구,CS100005,제과제빵,3.0,17,12,3.1,2.2,87.0,50.6,38.8,3년,4.5년
4,강남구,CS100006,패스트푸드,3.0,15,17,2.5,2.8,76.7,49.5,35.8,2.9년,4.5년
4,강남구,CS100007,치킨,4.0,12,20,3.5,5.8,67.3,59.4,26.2,2.7년,4.7년
4,강남구,CS100008,분식,4.0,69,41,5.3,3.1,64.7,43.9,26.8,2.2년,3.6년
4,강남구,CS100009,주점,4.0,18,34,2.9,5.4,71.7,36.1,20.4,2.8년,4.4년
4,강남구,CS100010,커피,3.0,128,65,5.2,2.6,79.6,49.8,30.7,2.7년,3.7년
4,강동구,CS100001,한식,3.0,76,98,3.4,4.4,70.5,50.7,38.0,2.7년,4.5년
4,강동구,CS100002,중식,3.0,9,6,5.0,3.4,71.4,50.0,32.3,2.5년,4.4년
4,강동구,CS100003,일식,2.0,13,10,5.3,4.1,67.9,55.8,33.3,2.5년,4.1년
4,강동구,CS100004,기타 외국식,3.0,12,10,5.6,4.7,72.0,52.2,40.0,2.5년,3.5년
4,강동구,CS100005,제과제빵,3.0,12,12,4.7,4.7,84.9,27.5,46.7,2.7년,4.3년
4,강동구,CS100006,패스트푸드,3.0,7,11,2.8,4.5,72.9,47.4,27.3,2.7년,4.2년
4,강동구,CS100007,치킨,3.0,10,16,3.5,5.6,63.8,39.3,23.3,2.4년,4.2년
4,강동구,CS100008,분식,3.0,23,36,4.2,6.6,61.4,53.0,29.2,2.4년,3.5년
4,강동구,CS100009,주점,3.0,9,9,2.5,2.5,65.8,31.3,14.7,2.6년,4.2년
4,강동구,CS100010,커피,3.0,40,47,5.1,6.0,80.1,54.4,33.8,2.6년,3.3년
4,강북구,CS100001,한식,3.0,65,84,3.3,4.3,72.7,50.1,36.5,2.7년,4.5년
4,강북구,CS100002,중식,3.0,10,10,8.1,8.1,72.0,41.9,34.6,2.3년,4.1년
4,강북구,CS100003,일식,3.0,3,3,2.4,2.4,73.3,58.3,33.3,2.5년,3.9년
4,강북구,CS100004,기타 외국식,2.0,3,5,2.8,4.7,74.3,76.9,25.0,2.4년,3.3년
4,강북구,CS100005,제과제빵,3.0,3,4,2.5,3.4,90.0,66.7,25.0,2.7년,4.7년
4,강북구,CS100006,패스트푸드,3.0,4,6,2.7,4.0,75.6,60.0,46.2,2.8년,4.4년
4,강북구,CS100007,치킨,3.0,6,11,3.0,5.4,57.1,40.4,32.5,2.4년,4.2년
4,강북구,CS100008,분식,2.0,26,19,7.2,5.3,72.4,42.4,36.2,2.3년,3.6년
4,강북구,CS100009,주점,3.0,11,17,3.6,5.6,66.7,31.1,19.3,2.5년,4년
4,강북구,CS100010,커피,3.0,32,22,6.7,4.6,80.6,55.0,24.8,2.5년,3.1년
4,강서구,CS100001,한식,3.0,128,159,4.2,5.2,72.9,48.4,33.9,2.6년,4.3년
4,강서구,CS100002,중식,3.0,14,14,5.5,5.5,65.2,49.1,40.7,2.4년,4년
4,강서구,CS100003,일식,3.0,18,16,4.8,4.3,83.2,56.6,48.1,2.5년,3.7년
4,강서구,CS100004,기타 외국식,3.0,12,11,4.1,3.7,75.9,44.9,41.3,2.4년,3.3년
4,강서구,CS100005,제과제빵,3.0,8,6,2.6,2.0,80.8,60.3,35.6,2.7년,4.3년
4,강서구,CS100006,패스트푸드,3.0,16,15,5.1,4.8,80.0,49.0,41.3,2.6년,4.1년
4,강서구,CS100007,치킨,3.0,13,20,4.0,6.2,56.3,40.5,18.8,2.5년,4.1년
4,강서구,CS100008,분식,3.0,40,27,5.6,3.8,69.2,39.3,31.0,2.3년,3.6년
4,강서구,CS100009,주점,3.0,15,29,3.1,6.0,74.1,35.3,20.1,2.7년,4.4년
4,강서구,CS100010,커피,3.0,63,42,5.9,4.0,76.0,49.6,30.5,2.5년,3년
4,관악구,CS100001,한식,3.0,101,130,4.0,5.1,70.0,49.4,33.3,2.6년,4.5년
4,관악구,CS100002,중식,3.0,14,10,6.3,4.5,64.4,58.7,26.0,2.6년,4.2년
4,관악구,CS100003,일식,3.0,8,9,2.8,3.1,68.5,56.0,38.9,2.5년,3.7년
4,관악구,CS100004,기타 외국식,3.0,8,16,2.9,5.8,64.4,64.6,41.7,2.5년,3.9년
4,관악구,CS100005,제과제빵,3.0,11,11,5.2,5.2,73.2,56.4,32.3,2.6년,4.6년
4,관악구,CS100006,패스트푸드,3.0,9,15,3.6,6.0,67.2,58.5,22.9,2.6년,4.1년
4,관악구,CS100007,치킨,3.0,13,9,5.0,3.5,69.8,28.3,27.5,2.5년,4년
4,관악구,CS100008,분식,3.0,30,22,4.8,3.6,66.3,45.2,24.4,2.3년,3.8년
4,관악구,CS100009,주점,3.0,14,20,3.2,4.6,87.5,38.7,17.9,2.6년,4.2년
4,관악구,CS100010,커피,3.0,51,28,6.4,3.5,79.0,57.5,32.2,2.5년,3.3년
4,광진구,CS100001,한식,3.0,78,89,3.5,4.0,76.7,52.1,36.6,2.8년,4.7년
4,광진구,CS100002,중식,3.0,20,15,8.0,6.0,87.1,47.1,45.7,2.9년,4.2년
4,광진구,CS100003,일식,3.0,12,11,4.7,4.3,70.5,58.1,47.6,2.8년,4.3년
4,광진구,CS100004,기타 외국식,3.0,17,7,6.4,2.6,84.9,58.7,32.0,2.6년,4년
4,광진구,CS100005,제과제빵,3.0,6,12,2.7,5.4,84.4,51.2,25.9,2.7년,4.7년
4,광진구,CS100006,패스트푸드,3.0,6,11,2.8,5.2,69.8,60.5,33.3,2.8년,4.6년
4,광진구,CS100007,치킨,3.0,9,13,4.2,6.1,72.7,45.0,27.9,2.6년,4.4년
4,광진구,CS100008,분식,3.0,32,23,5.8,4.2,70.3,53.3,28.2,2.3년,3.9년
4,광진구,CS100009,주점,2.0,8,14,2.1,3.7,84.4,43.5,22.9,2.8년,4.3년
4,광진구,CS100010,커피,3.0,47,38,5.7,4.6,74.2,58.8,31.2,2.6년,3.5년
4,구로구,CS100001,한식,3.0,71,84,3.2,3.8,74.8,50.2,36.7,2.9년,4.9년
4,구로구,CS100002,중식,2.0,22,24,5.9,6.4,74.2,48.0,27.1,2.5년,3.7년
4,구로구,CS100003,일식,3.0,14,7,7.8,3.9,75.9,75.0,50.0,2.7년,4.7년
4,구로구,CS100004,기타 외국식,3.0,5,1,3.3,0.7,84.8,53.3,50.0,2.8년,3.7년
4,구로구,CS100005,제과제빵,3.0,4,5,2.4,3.0,80.0,34.2,46.2,2.8년,4.6년
4,구로구,CS100006,패스트푸드,3.0,7,7,3.4,3.4,85.7,39.1,37.9,2.8년,4.5년
4,구로구,CS100007,치킨,3.0,9,15,3.4,5.7,70.4,48.2,29.1,2.6년,4.3년
4,구로구,CS100008,분식,3.0,21,11,4.4,2.3,77.8,41.8,27.2,2.5년,3.9년
4,구로구,CS100009,주점,3.0,21,23,5.3,5.9,70.4,34.9,19.8,2.4년,4년
4,구로구,CS100010,커피,3.0,37,19,6.0,3.1,82.4,57.1,36.2,2.6년,3.4년
4,금천구,CS100001,한식,3.0,50,71,2.8,4.0,78.6,53.8,35.7,2.8년,4.7년
4,금천구,CS100002,중식,2.0,13,11,6.1,5.1,72.0,30.0,36.1,2.3년,3.5년
4,금천구,CS100003,일식,3.0,3,2,2.6,1.7,83.3,65.4,28.6,2.6년,4년
4,금천구,CS100004,기타 외국식,2.0,4,5,3.7,4.6,69.2,52.6,22.2,2.6년,3.8년
4,금천구,CS100005,제과제빵,3.0,7,1,6.3,0.9,83.3,60.0,41.7,2.6년,5.1년
4,금천구,CS100006,패스트푸드,3.0,7,7,5.1,5.1,81.8,59.3,43.8,2.7년,4년
4,금천구,CS100007,치킨,3.0,4,11,2.5,6.7,51.7,42.1,22.6,2.6년,4.6년
4,금천구,CS100008,분식,3.0,18,14,5.0,3.9,68.2,54.4,37.3,2.5년,3.7년
4,금천구,CS100009,주점,3.0,4,6,1.7,2.5,62.5,49.2,16.7,2.6년,4.1년
4,금천구,CS100010,커피,3.0,39,33,7.2,6.1,79.7,45.5,33.3,2.5년,3.2년
4,노원구,CS100001,한식,3.0,70,82,3.5,4.1,71.6,51.9,42.6,2.9년,4.8년
4,노원구,CS100002,중식,3.0,8,3,5.0,1.9,71.0,53.1,50.0,2.7년,4.7년
4,노원구,CS100003,일식,3.0,8,11,4.4,6.1,68.4,50.0,24.4,2.7년,3.8년
4,노원구,CS100004,기타 외국식,3.0,8,9,4.2,4.8,85.1,67.6,46.7,2.8년,4년
4,노원구,CS100005,제과제빵,3.0,7,9,3.0,3.9,81.6,44.9,34.2,3년,5년
4,노원구,CS100006,패스트푸드,3.0,4,13,1.7,5.4,77.8,43.8,32.5,2.8년,4.8년
4,노원구,CS100007,치킨,3.0,7,16,2.5,5.8,64.6,44.7,19.6,2.5년,4.2년
4,노원구,CS100008,분식,3.0,20,20,4.2,4.2,63.2,51.5,34.9,2.6년,4년
4,노원구,CS100009,주점,3.0,11,12,4.6,5.0,76.9,40.4,20.7,2.9년,4.4년
4,노원구,CS100010,커피,3.0,31,25,4.7,3.8,83.1,53.0,23.4,2.7년,3.5년
4,도봉구,CS100001,한식,3.0,34,56,2.4,3.9,73.9,54.1,33.7,2.8년,4.8년
4,도봉구,CS100002,중식,3.0,5,5,5.4,5.4,75.0,58.8,36.8,2.8년,4.7년
4,도봉구,CS100003,일식,2.0,6,3,5.9,2.9,72.4,53.3,30.0,2.5년,3.8년
4,도봉구,CS100004,기타 외국식,2.0,2,2,2.0,2.0,71.4,73.9,17.6,2.8년,4.1년
4,도봉구,CS100005,제과제빵,3.0,8,4,6.3,3.1,85.2,38.5,30.0,2.4년,4.9년
4,도봉구,CS100006,패스트푸드,3.0,6,4,5.4,3.6,75.0,56.0,63.6,3년,4.5년
4,도봉구,CS100007,치킨,3.0,8,9,4.1,4.6,67.6,51.8,37.5,2.6년,4.1년
4,도봉구,CS100008,분식,3.0,13,13,4.2,4.2,74.6,38.6,22.0,2.4년,3.8년
4,도봉구,CS100009,주점,3.0,10,8,4.7,3.7,76.9,41.0,19.7,2.7년,4.2년
4,도봉구,CS100010,커피,3.0,26,10,6.9,2.6,79.0,44.4,34.2,2.6년,3.4년
4,동대문구,CS100001,한식,3.0,70,80,2.9,3.4,75.5,55.0,37.2,2.8년,4.8년
4,동대문구,CS100002,중식,3.0,13,4,6.0,1.8,82.5,45.5,35.3,2.5년,4.4년
4,동대문구,CS100003,일식,2.0,10,6,5.4,3.2,81.0,53.5,33.3,2.6년,4.1년
4,동대문구,CS100004,기타 외국식,2.0,7,5,3.4,2.4,83.3,63.6,28.9,2.8년,4년
4,동대문구,CS100005,제과제빵,3.0,8,2,4.4,1.1,76.7,41.4,37.5,2.5년,5년
4,동대문구,CS100006,패스트푸드,3.0,4,6,1.9,2.8,82.5,69.2,43.8,3년,4.5년
4,동대문구,CS100007,치킨,2.0,7,9,3.0,3.8,67.2,41.7,43.9,2.6년,4.2년
4,동대문구,CS100008,분식,3.0,18,20,3.9,4.4,66.7,41.3,24.7,2.6년,4년
4,동대문구,CS100009,주점,3.0,13,9,4.5,3.1,80.8,38.0,18.3,2.6년,4.6년
4,동대문구,CS100010,커피,3.0,46,36,6.9,5.4,78.0,53.8,38.0,2.6년,3.4년
4,동작구,CS100001,한식,3.0,55,73,3.0,4.0,77.0,60.7,40.6,3.1년,5.3년
4,동작구,CS100002,중식,3.0,8,7,4.8,4.2,76.2,51.4,54.5,3.1년,4.4년
4,동작구,CS100003,일식,3.0,8,8,3.7,3.7,84.4,53.3,38.8,2.9년,5.1년
4,동작구,CS100004,기타 외국식,3.0,11,5,6.8,3.1,85.2,51.5,26.5,2.7년,3.8년
4,동작구,CS100005,제과제빵,3.0,4,6,2.0,3.0,85.7,50.0,35.7,3년,4.9년
4,동작구,CS100006,패스트푸드,3.0,3,6,1.4,2.7,97.6,52.8,36.7,2.9년,4.5년
4,동작구,CS100007,치킨,3.0,15,16,6.7,7.1,67.6,35.1,33.3,2.7년,4.4년
4,동작구,CS100008,분식,3.0,22,14,5.4,3.4,76.3,42.0,26.1,2.4년,3.9년
4,동작구,CS100009,주점,3.0,9,9,3.6,3.6,94.4,47.1,20.5,3년,4.7년
4,동작구,CS100010,커피,3.0,36,31,5.7,4.9,78.9,50.3,31.5,2.6년,3.4년
4,마포구,CS100001,한식,3.0,113,120,3.3,3.5,77.2,54.0,33.9,2.8년,4.6년
4,마포구,CS100002,중식,3.0,21,20,6.5,6.2,72.9,49.4,43.9,2.6년,4.3년
4,마포구,CS100003,일식,3.0,34,25,5.0,3.7,80.9,48.3,34.3,2.7년,3.7년
4,마포구,CS100004,기타 외국식,3.0,42,35,4.4,3.7,77.1,56.3,29.7,2.8년,3.7년
4,마포구,CS100005,제과제빵,3.0,24,9,5.7,2.1,80.3,55.0,25.0,2.8년,4.1년
4,마포구,CS100006,패스트푸드,3.0,12,15,3.2,3.9,82.5,50.0,36.1,2.8년,4.2년
4,마포구,CS100007,치킨,3.0,6,12,2.5,4.9,83.3,45.3,27.5,2.7년,4.5년
4,마포구,CS100008,분식,3.0,49,35,5.7,4.1,60.3,43.3,24.9,2.1년,3.5년
4,마포구,CS100009,주점,3.0,13,15,2.1,2.4,82.9,40.0,22.3,3년,4.5년
4,마포구,CS100010,커피,3.0,115,79,5.8,4.0,78.1,46.9,28.9,2.5년,3.3년
4,서대문구,CS100001,한식,3.0,38,69,2.1,3.9,78.7,50.9,44.2,3년,5.3년
4,서대문구,CS100002,중식,3.0,4,5,2.2,2.7,85.3,42.9,36.0,2.9년,4.4년
4,서대문구,CS100003,일식,3.0,6,2,3.0,1.0,76.2,54.3,35.1,3년,4.3년
4,서대문구,CS100004,기타 외국식,3.0,11,9,4.2,3.4,78.6,53.7,31.6,2.7년,4.1년
4,서대문구,CS100005,제과제빵,3.0,7,5,3.5,2.5,88.2,57.9,31.0,2.8년,4.7년
4,서대문구,CS100006,패스트푸드,3.0,2,7,0.9,3.1,81.1,59.4,31.3,2.9년,4.8년
4,서대문구,CS100007,치킨,3.0,9,8,4.8,4.2,75.0,38.0,25.0,2.5년,4.6년
4,서대문구,CS100008,분식,3.0,34,22,6.3,4.0,76.5,50.6,21.7,2.4년,4년
4,서대문구,CS100009,주점,3.0,5,8,1.8,2.9,90.0,40.3,17.9,2.9년,4.6년
4,서대문구,CS100010,커피,3.0,33,25,4.9,3.7,75.4,55.6,29.3,2.6년,3.5년
4,서초구,CS100001,한식,4.0,80,109,2.8,3.8,76.0,53.1,37.9,2.9년,5년
4,서초구,CS100002,중식,4.0,10,12,3.9,4.7,75.6,44.4,38.1,2.8년,5년
4,서초구,CS100003,일식,3.0,15,11,4.0,2.9,79.5,58.3,51.4,3.1년,4.8년
4,서초구,CS100004,기타 외국식,3.0,30,10,5.3,1.8,82.2,61.3,43.4,3년,3.8년
4,서초구,CS100005,제과제빵,3.0,5,11,1.3,3.0,85.5,68.3,45.6,3.1년,4.9년
4,서초구,CS100006,패스트푸드,3.0,12,9,4.2,3.1,77.8,63.6,47.1,2.9년,4.6년
4,서초구,CS100007,치킨,4.0,8,11,3.7,5.1,86.8,44.2,29.3,2.8년,4.8년
4,서초구,CS100008,분식,3.0,23,30,2.7,3.6,69.4,54.2,37.8,2.7년,4.1년
4,서초구,CS100009,주점,3.0,5,7,1.4,2.0,75.7,53.9,23.4,3년,5년
4,서초구,CS100010,커피,3.0,77,49,5.8,3.7,75.9,48.8,38.3,2.8년,3.7년
4,성동구,CS100001,한식,3.0,56,67,3.0,3.6,83.7,56.6,38.7,2.9년,5년
4,성동구,CS100002,중식,3.0,6,6,3.9,3.9,76.7,71.4,47.4,2.8년,4.6년
4,성동구,CS100003,일식,3.0,16,8,8.0,4.0,94.3,52.9,50.0,2.6년,3.8년
4,성동구,CS100004,기타 외국식,3.0,23,13,6.3,3.5,90.4,50.7,39.0,2.4년,3.4년
4,성동구,CS100005,제과제빵,3.0,11,10,5.4,4.9,84.8,64.1,21.4,2.7년,4.1년
4,성동구,CS100006,패스트푸드,3.0,7,8,3.6,4.1,83.9,47.9,28.9,2.8년,3.9년
4,성동구,CS100007,치킨,3.0,7,7,3.8,3.8,69.7,39.0,22.6,2.7년,4.7년
4,성동구,CS100008,분식,3.0,26,16,6.3,3.9,66.2,44.3,27.5,2.3년,3.9년
4,성동구,CS100009,주점,3.0,5,10,2.5,5.0,82.6,42.9,26.2,2.9년,4.5년
4,성동구,CS100010,커피,3.0,54,34,6.4,4.0,83.7,52.7,38.6,2.7년,3.3년
4,성북구,CS100001,한식,3.0,66,66,3.2,3.2,80.1,59.9,40.0,2.9년,5년
4,성북구,CS100002,중식,3.0,9,8,5.2,4.6,71.4,62.5,47.4,2.9년,5.1년
4,성북구,CS100003,일식,2.0,9,6,4.8,3.2,78.9,63.3,40.8,2.6년,4년
4,성북구,CS100004,기타 외국식,2.0,10,8,4.1,3.3,78.0,60.8,40.0,2.8년,3.9년
4,성북구,CS100005,제과제빵,3.0,6,6,2.8,2.8,89.2,51.4,30.2,2.9년,5.1년
4,성북구,CS100006,패스트푸드,3.0,6,12,2.7,5.4,70.9,58.8,30.0,3.1년,4.8년
4,성북구,CS100007,치킨,3.0,7,12,3.1,5.4,77.8,42.6,27.9,2.7년,4.5년
4,성북구,CS100008,분식,3.0,21,20,4.0,3.8,78.8,52.4,34.0,2.6년,3.9년
4,성북구,CS100009,주점,3.0,4,5,1.5,1.9,68.4,48.3,17.8,2.9년,4.5년
4,성북구,CS100010,커피,3.0,46,32,6.1,4.2,81.8,62.9,34.2,2.6년,3.4년
4,송파구,CS100001,한식,3.0,121,144,3.4,4.0,71.8,48.6,35.5,2.7년,4.6년
4,송파구,CS100002,중식,3.0,16,14,5.8,5.1,59.4,40.7,35.8,2.6년,4.2년
4,송파구,CS100003,일식,3.0,24,27,4.5,5.1,80.7,60.4,39.8,2.8년,4.5년
4,송파구,CS100004,기타 외국식,3.0,20,19,3.8,3.6,80.2,55.5,41.3,2.7년,3.7년
4,송파구,CS100005,제과제빵,3.0,13,15,3.4,4.0,77.9,38.9,26.3,2.7년,4.5년
4,송파구,CS100006,패스트푸드,3.0,18,20,4.2,4.7,75.9,56.8,32.9,2.7년,4.2년
4,송파구,CS100007,치킨,3.0,11,22,3.2,6.4,64.1,34.5,27.0,2.5년,4.4년
4,송파구,CS100008,분식,3.0,56,47,6.5,5.5,61.9,40.3,30.1,2.3년,3.6년
4,송파구,CS100009,주점,3.0,14,19,3.2,4.3,67.4,43.9,20.6,2.7년,4.4년
4,송파구,CS100010,커피,3.0,87,50,6.2,3.5,75.7,52.1,35.2,2.6년,3.3년
4,양천구,CS100001,한식,3.0,58,72,3.4,4.2,75.2,49.1,37.0,2.8년,4.6년
4,양천구,CS100002,중식,3.0,11,6,7.6,4.2,79.3,71.4,23.1,2.6년,4.7년
4,양천구,CS100003,일식,2.0,7,3,3.9,1.7,66.7,57.7,40.5,2.6년,4년
4,양천구,CS100004,기타 외국식,3.0,9,4,5.5,2.5,78.0,54.1,30.4,2.4년,3.9년
4,양천구,CS100005,제과제빵,3.0,8,2,3.8,1.0,77.8,44.7,32.1,2.9년,4.7년
4,양천구,CS100006,패스트푸드,3.0,7,7,3.7,3.7,72.3,44.1,31.3,2.5년,4.2년
4,양천구,CS100007,치킨,3.0,8,13,3.6,5.9,70.0,40.7,30.8,2.4년,4.3년
4,양천구,CS100008,분식,3.0,19,23,4.4,5.4,57.8,41.4,30.2,2.4년,3.9년
4,양천구,CS100009,주점,2.0,10,17,3.4,5.8,60.6,46.4,23.1,2.7년,4.2년
4,양천구,CS100010,커피,3.0,39,37,6.9,6.5,79.7,56.0,34.5,2.6년,3.3년
4,영등포구,CS100001,한식,3.0,101,126,3.0,3.8,80.5,56.3,39.5,2.9년,4.9년
4,영등포구,CS100002,중식,2.0,37,20,5.9,3.2,82.8,53.7,30.9,2.6년,3.7년
4,영등포구,CS100003,일식,3.0,18,13,4.9,3.6,87.9,50.9,45.0,2.8년,4.6년
4,영등포구,CS100004,기타 외국식,3.0,16,15,4.7,4.4,73.4,59.4,44.8,2.7년,3.8년
4,영등포구,CS100005,제과제빵,3.0,6,4,2.4,1.6,73.9,61.3,47.1,3.1년,4.6년
4,영등포구,CS100006,패스트푸드,3.0,13,10,4.9,3.8,92.9,51.2,47.5,2.9년,4.5년
4,영등포구,CS100007,치킨,3.0,11,16,4.3,6.2,71.4,41.8,31.3,2.6년,4.8년
4,영등포구,CS100008,분식,3.0,21,34,2.8,4.6,73.5,45.1,35.5,2.5년,3.8년
4,영등포구,CS100009,주점,3.0,21,22,4.0,4.2,67.6,42.5,21.3,2.6년,4.3년
4,영등포구,CS100010,커피,3.0,59,40,5.0,3.4,78.8,49.8,37.5,2.8년,3.7년
4,용산구,CS100001,한식,3.0,50,49,2.7,2.7,85.7,59.3,42.9,3.1년,5.2년
4,용산구,CS100002,중식,4.0,2,6,1.2,3.6,89.3,48.1,37.5,3.3년,5.7년
4,용산구,CS100003,일식,3.0,16,9,6.0,3.4,77.4,61.4,27.1,2.8년,4.4년
4,용산구,CS100004,기타 외국식,3.0,52,25,6.1,2.9,89.7,65.8,41.1,2.9년,4년
4,용산구,CS100005,제과제빵,3.0,13,8,5.2,3.2,90.5,55.3,40.5,2.9년,4.7년
4,용산구,CS100006,패스트푸드,3.0,5,6,2.3,2.7,76.7,64.3,43.2,3.1년,4.8년
4,용산구,CS100007,치킨,3.0,4,3,3.0,2.3,80.0,40.0,35.7,2.6년,5년
4,용산구,CS100008,분식,3.0,22,20,4.0,3.6,77.8,36.0,36.3,2.4년,4년
4,용산구,CS100009,주점,3.0,7,7,2.3,2.3,88.2,50.6,21.9,3.1년,4.9년
4,용산구,CS100010,커피,3.0,47,27,5.4,3.1,79.6,56.5,40.4,2.8년,3.6년
4,은평구,CS100001,한식,3.0,66,91,3.1,4.3,72.6,53.5,33.7,2.7년,4.6년
4,은평구,CS100002,중식,3.0,8,9,5.0,5.6,61.1,48.3,36.7,2.5년,4.5년
4,은평구,CS100003,일식,2.0,10,6,5.2,3.1,82.6,48.6,28.6,2.5년,3.8년
4,은평구,CS100004,기타 외국식,2.0,9,10,5.4,6.0,80.9,54.5,26.1,2.3년,3.4년
4,은평구,CS100005,제과제빵,3.0,8,5,3.7,2.3,87.8,53.1,37.5,2.9년,4.7년
4,은평구,CS100006,패스트푸드,3.0,8,5,3.8,2.3,76.0,50.0,35.7,2.7년,4.3년
4,은평구,CS100007,치킨,3.0,9,15,3.7,6.1,71.6,26.3,39.0,2.3년,4.1년
4,은평구,CS100008,분식,3.0,19,26,3.7,5.0,69.8,37.3,30.7,2.4년,3.7년
4,은평구,CS100009,주점,3.0,17,18,4.9,5.2,84.0,48.4,14.6,2.6년,4.4년
4,은평구,CS100010,커피,3.0,40,25,6.0,3.7,77.4,51.8,28.7,2.5년,3.2년
4,종로구,CS100001,한식,3.0,72,94,2.5,3.3,82.2,66.0,41.4,3.2년,5.7년
4,종로구,CS100002,중식,3.0,7,9,3.3,4.3,76.9,40.8,41.3,2.9년,5.3년
4,종로구,CS100003,일식,3.0,19,16,6.1,5.1,71.4,53.2,48.4,2.9년,4.8년
4,종로구,CS100004,기타 외국식,3.0,21,16,3.8,2.9,84.4,57.6,38.9,3.1년,4.6년
4,종로구,CS100005,제과제빵,3.0,11,12,4.5,4.9,81.6,64.0,36.6,2.9년,4.7년
4,종로구,CS100006,패스트푸드,3.0,7,7,2.7,2.7,72.1,55.8,55.3,3.4년,5년
4,종로구,CS100007,치킨,3.0,8,10,6.2,7.7,68.4,46.7,29.4,2.7년,5.5년
4,종로구,CS100008,분식,3.0,29,10,3.8,1.3,80.7,48.1,36.9,2.6년,4.5년
4,종로구,CS100009,주점,3.0,9,22,2.3,5.6,84.8,47.1,32.2,3.3년,5.2년
4,종로구,CS100010,커피,3.0,66,34,5.2,2.7,80.2,54.9,35.6,3년,4.2년
4,중구,CS100001,한식,3.0,76,67,2.8,2.4,84.5,61.2,39.0,3.2년,5.8년
4,중구,CS100002,중식,4.0,7,9,2.7,3.4,65.6,54.2,33.3,3.1년,5.2년
4,중구,CS100003,일식,3.0,8,9,2.8,3.1,77.3,54.1,25.4,2.9년,5년
4,중구,CS100004,기타 외국식,3.0,19,14,4.3,3.2,83.3,69.6,42.4,3년,4.6년
4,중구,CS100005,제과제빵,3.0,7,2,2.8,0.8,85.7,64.1,31.0,3.1년,5.1년
4,중구,CS100006,패스트푸드,3.0,5,11,2.3,5.0,87.2,50.0,35.1,3.1년,4.8년
4,중구,CS100007,치킨,3.0,5,3,3.5,2.1,76.5,43.2,24.0,3년,5.9년
4,중구,CS100008,분식,3.0,28,22,3.6,2.8,68.4,48.5,32.8,2.6년,4.4년
4,중구,CS100009,주점,3.0,6,8,2.1,2.7,84.2,53.1,31.7,3.1년,5.1년
4,중구,CS100010,커피,3.0,41,41,3.7,3.7,82.8,50.2,38.3,2.8년,4.2년
4,중랑구,CS100001,한식,2.0,61,95,2.8,4.4,71.9,51.1,33.9,2.7년,4.5년
4,중랑구,CS100002,중식,2.0,8,2,7.0,1.7,76.0,35.7,28.6,2.2년,4년
4,중랑구,CS100003,일식,2.0,6,3,4.1,2.1,78.1,38.1,40.0,2.8년,3.8년
4,중랑구,CS100004,기타 외국식,2.0,10,7,7.9,5.5,84.6,37.5,36.4,2.5년,3.6년
4,중랑구,CS100005,제과제빵,3.0,5,3,3.4,2.1,78.3,35.3,21.7,2.5년,4.4년
4,중랑구,CS100006,패스트푸드,3.0,7,7,4.3,4.3,82.9,65.5,29.2,2.7년,4.1년
4,중랑구,CS100007,치킨,2.0,8,18,3.5,8.0,64.7,43.3,27.1,2.2년,4년
4,중랑구,CS100008,분식,2.0,21,18,5.1,4.4,76.7,32.5,29.1,2.4년,3.8년
4,중랑구,CS100009,주점,3.0,14,16,4.0,4.5,69.2,34.7,19.8,2.4년,4년
4,중랑구,CS100010,커피,3.0,42,23,8.2,4.5,79.5,49.6,33.0,2.5년,3.1년
