,분기,시군구명,서비스업종코드,서비스업종,매출등급,매출등급01,개업수,폐업수,개업률,폐업률,1년생존률,3년생존률,5년생존률,1년생존률(신),3년생존률(신),5년생존률(신),최근10년영업기간,최근30년영업기간
0,1,강남구,CS100001,한식,3.607717934480844,2,116,145,2.2,2.7,71.8,46.9,35.2,77.3,50.1,34.3,2.7년,4.6년
1,1,강동구,CS100001,한식,2.7754237288135597,1,53,54,2.3,2.3,73.9,46.9,37.6,75.1,52.9,32.2,2.6년,4.4년
2,1,강북구,CS100001,한식,2.540466392318244,0,39,47,1.9,2.3,70.3,45.3,36.5,74.3,49.2,32.3,2.6년,4.5년
3,1,강서구,CS100001,한식,3.0151582701738744,1,96,103,3.1,3.3,72.0,45.5,33.6,74.7,49.7,32.6,2.5년,4.3년
4,1,관악구,CS100001,한식,2.721896643580181,1,53,79,2.0,3.0,66.7,44.3,32.4,72.0,53.6,31.4,2.6년,4.5년
5,1,광진구,CS100001,한식,2.8613569321533925,1,50,52,2.2,2.3,71.2,50.9,36.3,73.1,55.3,38.8,2.8년,4.7년
6,1,구로구,CS100001,한식,2.7946210268948657,1,47,35,2.0,1.5,76.9,49.3,35.4,81.8,59.1,35.5,2.8년,4.9년
7,1,금천구,CS100001,한식,2.8283636363636364,1,45,40,2.5,2.2,66.4,45.6,35.3,82.0,56.3,33.8,2.6년,4.7년
8,1,노원구,CS100001,한식,2.794340924775707,1,35,48,1.7,2.3,72.2,52.5,42.0,77.1,52.1,39.7,2.8년,4.8년
9,1,도봉구,CS100001,한식,2.6086564472497744,0,29,31,1.9,2.1,63.4,41.5,33.3,80.3,55.6,40.4,2.7년,4.7년
10,1,동대문구,CS100001,한식,2.5903614457831323,0,51,51,2.1,2.1,71.1,48.3,36.4,76.7,56.0,35.0,2.8년,4.7년
11,1,동작구,CS100001,한식,2.8968,1,31,28,1.6,1.5,78.3,53.4,39.5,81.9,56.3,40.0,3년,5.3년
12,1,마포구,CS100001,한식,3.1455058444175736,2,80,116,2.3,3.3,67.6,45.5,33.3,79.3,55.6,31.9,2.7년,4.6년
13,1,서대문구,CS100001,한식,2.824804856895057,1,33,27,1.8,1.5,78.3,53.9,43.4,83.1,55.6,40.3,2.9년,5.2년
14,1,서초구,CS100001,한식,3.5670976370931786,2,43,65,1.4,2.2,71.0,47.8,37.1,81.3,52.7,34.5,2.9년,4.9년
15,1,성동구,CS100001,한식,3.040494166094715,1,39,56,2.0,2.9,78.7,53.3,38.3,76.9,51.7,39.5,2.9년,4.9년
16,1,성북구,CS100001,한식,2.662346521145976,0,40,43,1.9,2.1,77.1,50.0,39.7,83.7,57.7,36.9,2.9년,4.9년
17,1,송파구,CS100001,한식,3.051869722557298,1,81,100,2.2,2.7,71.9,46.4,35.2,77.2,53.4,36.8,2.7년,4.5년
18,1,양천구,CS100001,한식,2.788321167883212,1,40,42,2.2,2.4,69.2,47.4,36.7,79.1,50.2,31.9,2.7년,4.5년
19,1,영등포구,CS100001,한식,3.173114497850723,2,58,68,1.7,2.0,75.6,48.5,38.9,82.3,56.9,34.9,2.8년,4.8년
20,1,용산구,CS100001,한식,3.2738367658276126,2,50,28,2.7,1.5,78.0,55.2,42.1,83.2,58.8,38.5,3.1년,5.2년
21,1,은평구,CS100001,한식,2.663551401869159,0,43,50,2.0,2.3,70.1,44.9,32.6,79.2,56.3,34.1,2.6년,4.6년
22,1,종로구,CS100001,한식,3.2591055786076533,2,42,55,1.4,1.9,75.1,49.0,41.1,85.7,61.1,45.3,3.1년,5.6년
23,1,중구,CS100001,한식,3.35130890052356,2,37,58,1.3,2.1,72.8,51.5,38.5,87.3,60.2,39.1,3.1년,5.8년
24,1,중랑구,CS100001,한식,2.587692307692308,0,42,49,1.9,2.2,70.3,44.6,33.3,78.9,50.5,33.3,2.7년,4.5년
25,1,강남구,CS100002,중식,3.882005899705015,2,14,8,3.0,1.7,72.1,50.0,44.1,73.2,54.7,28.8,2.7년,4.7년
26,1,강동구,CS100002,중식,2.7092198581560285,0,8,7,4.5,3.9,67.7,41.9,32.3,83.3,53.6,25.0,2.5년,4.4년
27,1,강북구,CS100002,중식,2.5,0,5,3,4.3,2.6,73.1,38.5,34.6,69.2,51.7,22.7,2.3년,4.2년
28,1,강서구,CS100002,중식,3.0251256281407035,1,8,6,3.2,2.4,83.3,53.7,40.7,71.4,41.1,31.1,2.5년,4.1년
29,1,관악구,CS100002,중식,2.6779661016949152,0,6,10,2.7,4.5,66.0,38.0,26.0,78.0,42.2,30.0,2.5년,4.2년
30,1,광진구,CS100002,중식,2.906735751295337,1,6,6,2.6,2.6,69.6,52.2,45.7,89.7,55.3,37.5,2.9년,4.2년
31,1,구로구,CS100002,중식,2.247272727272727,0,12,7,3.3,1.9,58.3,31.3,27.1,76.6,42.6,24.5,2.5년,3.7년
32,1,금천구,CS100002,중식,2.63125,0,9,4,4.5,2.0,55.7,44.3,36.1,85.7,38.0,29.6,2.3년,3.5년
33,1,노원구,CS100002,중식,2.776923076923077,1,3,3,1.9,1.9,77.8,55.6,50.0,94.4,61.1,30.4,2.7년,4.7년
34,1,도봉구,CS100002,중식,2.8271604938271606,1,3,4,3.0,4.0,73.7,57.9,36.8,100.0,44.4,41.7,2.8년,4.7년
35,1,동대문구,CS100002,중식,2.515923566878981,0,5,4,2.4,1.9,79.4,52.9,35.3,85.2,48.9,13.9,2.6년,4.4년
36,1,동작구,CS100002,중식,2.826771653543307,1,8,6,4.9,3.7,90.9,72.7,54.5,77.3,42.3,40.0,3.1년,4.4년
37,1,마포구,CS100002,중식,3.213178294573644,2,14,11,4.4,3.5,72.7,60.6,43.9,74.0,54.1,34.7,2.7년,4.4년
38,1,서대문구,CS100002,중식,2.9430894308943087,1,7,8,4.0,4.5,72.0,44.0,36.0,84.6,48.4,40.7,2.8년,4.3년
39,1,서초구,CS100002,중식,3.81,2,9,7,3.4,2.7,76.2,52.4,38.1,81.6,55.2,29.7,2.8년,5년
40,1,성동구,CS100002,중식,3.142857142857143,2,7,4,4.5,2.6,73.7,52.6,42.1,81.0,44.4,22.2,2.7년,4.5년
41,1,성북구,CS100002,중식,2.776923076923077,1,6,4,3.6,2.4,94.7,57.9,47.4,93.8,51.4,25.0,2.9년,5.1년
42,1,송파구,CS100002,중식,3.1559633027522938,2,13,9,4.7,3.2,79.2,56.6,35.8,83.3,41.8,49.0,2.6년,4.2년
43,1,양천구,CS100002,중식,2.828828828828829,1,4,4,3.0,3.0,69.2,53.8,23.1,70.6,47.6,37.5,2.8년,4.8년
44,1,영등포구,CS100002,중식,2.74245939675174,1,25,23,4.2,3.8,71.5,40.0,30.9,75.9,48.0,25.4,2.5년,3.6년
45,1,용산구,CS100002,중식,3.439655172413793,2,3,6,1.7,3.5,70.8,54.2,37.5,86.4,71.4,47.6,3.1년,5.6년
46,1,은평구,CS100002,중식,2.747967479674797,1,10,8,6.2,4.9,70.0,53.3,36.7,66.7,45.8,33.3,2.5년,4.5년
47,1,종로구,CS100002,중식,3.40625,2,6,9,2.9,4.3,73.9,47.8,41.3,95.2,41.0,34.2,2.8년,5.3년
48,1,중구,CS100002,중식,3.6440677966101696,2,4,3,1.5,1.1,83.3,47.6,33.3,88.5,63.5,51.4,3.1년,5.1년
49,1,중랑구,CS100002,중식,2.681318681318681,0,3,2,2.8,1.8,64.3,28.6,28.6,66.7,37.0,30.8,2.3년,4.1년
50,1,강남구,CS100003,일식,3.6133540372670807,2,27,27,2.9,2.9,80.3,53.4,42.7,83.2,62.9,43.5,2.8년,4.2년
51,1,강동구,CS100003,일식,2.583333333333333,0,10,5,4.0,2.0,62.5,43.8,33.3,88.5,56.3,28.6,2.4년,4.1년
52,1,강북구,CS100003,일식,2.466019417475728,0,5,4,3.9,3.1,86.1,47.2,33.3,77.8,53.6,24.2,2.4년,3.8년
53,1,강서구,CS100003,일식,2.93609022556391,1,20,8,5.4,2.2,77.8,50.6,46.9,82.1,44.9,30.4,2.5년,3.7년
54,1,관악구,CS100003,일식,2.681372549019608,0,11,9,3.8,3.1,68.5,53.7,38.9,77.6,48.4,29.8,2.4년,3.6년
55,1,광진구,CS100003,일식,2.707920792079208,0,6,4,2.4,1.6,81.0,54.8,47.6,78.8,50.8,26.8,2.7년,4.2년
56,1,구로구,CS100003,일식,2.844262295081968,1,4,7,2.3,4.0,75.0,58.3,50.0,76.7,58.3,42.9,2.8년,4.7년
57,1,금천구,CS100003,일식,2.8026315789473686,1,1,2,0.9,1.8,85.7,42.9,28.6,90.5,57.1,35.3,2.6년,3.9년
58,1,노원구,CS100003,일식,2.8088235294117645,1,1,3,0.6,1.7,51.1,33.3,22.2,82.9,44.2,39.5,2.6년,3.8년
59,1,도봉구,CS100003,일식,2.333333333333333,0,3,1,2.9,1.0,80.0,40.0,30.0,75.0,57.1,27.8,2.5년,3.8년
60,1,동대문구,CS100003,일식,2.3684210526315788,0,8,8,4.6,4.6,66.7,42.9,33.3,82.8,33.3,46.4,2.6년,4.1년
61,1,동작구,CS100003,일식,2.7375886524822697,1,6,3,2.8,1.4,81.6,44.9,38.8,85.2,54.5,33.3,2.9년,5년
62,1,마포구,CS100003,일식,3.0877551020408163,1,18,12,2.8,1.9,73.4,46.2,34.3,87.0,46.9,34.8,2.7년,3.7년
63,1,서대문구,CS100003,일식,2.6875,0,3,5,1.5,2.5,64.9,40.5,32.4,90.5,57.8,33.3,3년,4.2년
64,1,서초구,CS100003,일식,3.4746376811594204,2,12,9,3.2,2.4,78.4,63.5,51.4,91.1,60.0,29.9,3년,4.7년
65,1,성동구,CS100003,일식,3.1349693251533743,1,7,4,3.9,2.2,80.4,56.5,45.7,89.2,43.9,25.0,2.6년,3.8년
66,1,성북구,CS100003,일식,2.5702479338842976,0,4,1,2.3,0.6,71.4,46.9,40.8,73.1,53.3,30.4,2.6년,4년
67,1,송파구,CS100003,일식,2.878787878787879,1,20,13,3.8,2.5,71.3,51.9,38.9,82.4,47.8,43.0,2.8년,4.5년
68,1,양천구,CS100003,일식,2.5528455284552845,0,4,4,2.4,2.4,66.7,47.6,40.5,77.1,51.4,40.9,2.5년,4년
69,1,영등포구,CS100003,일식,3.268595041322314,2,10,7,2.9,2.0,80.0,55.0,45.0,85.3,43.4,47.9,2.9년,4.6년
70,1,용산구,CS100003,일식,3.303370786516854,2,5,5,1.9,1.9,60.4,39.6,27.1,81.4,54.5,20.5,2.8년,4.3년
71,1,은평구,CS100003,일식,2.4959349593495936,0,11,3,5.8,1.6,71.4,42.9,28.6,90.0,56.3,25.0,2.5년,3.7년
72,1,종로구,CS100003,일식,3.2452830188679247,2,7,5,2.3,1.7,77.4,54.8,43.5,94.4,51.3,33.9,2.9년,4.8년
73,1,중구,CS100003,일식,3.2962962962962963,2,4,6,1.4,2.1,71.2,33.9,25.4,100.0,53.8,31.3,2.9년,5년
74,1,중랑구,CS100003,일식,2.39622641509434,0,7,4,5.0,2.9,75.0,50.0,40.0,81.3,61.5,61.1,2.7년,3.8년
75,1,강남구,CS100004,기타 외국식,3.519205298013245,2,39,37,2.7,2.6,72.8,47.4,38.8,85.4,53.4,30.1,2.6년,3.7년
76,1,강동구,CS100004,기타 외국식,2.638095238095238,0,6,4,2.8,1.9,77.1,45.7,40.0,74.5,47.4,42.1,2.4년,3.5년
77,1,강북구,CS100004,기타 외국식,2.2794117647058822,0,4,2,3.7,1.9,50.0,25.0,25.0,70.4,66.7,5.9,2.2년,3.3년
78,1,강서구,CS100004,기타 외국식,2.6923076923076925,0,15,10,5.3,3.5,77.3,48.0,40.0,72.4,44.4,31.3,2.4년,3.3년
79,1,관악구,CS100004,기타 외국식,2.509933774834437,0,8,9,2.8,3.2,77.1,52.1,41.7,70.4,64.9,25.0,2.4년,3.8년
80,1,광진구,CS100004,기타 외국식,2.7517241379310344,1,9,5,3.5,2.0,72.0,46.0,32.0,84.8,56.9,31.8,2.5년,3.9년
81,1,구로구,CS100004,기타 외국식,2.426829268292683,0,3,3,2.1,2.1,84.6,53.8,50.0,81.0,45.5,37.9,2.7년,3.7년
82,1,금천구,CS100004,기타 외국식,2.583333333333333,0,4,2,3.9,2.0,66.7,44.4,22.2,76.0,52.9,33.3,2.5년,3.8년
83,1,노원구,CS100004,기타 외국식,2.811111111111111,1,3,1,1.6,0.5,76.7,50.0,46.7,79.4,55.2,40.0,2.7년,3.9년
84,1,도봉구,CS100004,기타 외국식,2.056603773584906,0,1,5,1.0,5.1,76.5,35.3,17.6,81.3,31.3,34.8,2.7년,4년
85,1,동대문구,CS100004,기타 외국식,2.451923076923077,0,2,3,1.0,1.5,73.7,31.6,28.9,94.1,51.2,38.9,2.7년,3.9년
86,1,동작구,CS100004,기타 외국식,2.85,1,3,4,2.0,2.6,85.3,35.3,26.5,89.3,68.4,25.6,2.8년,3.8년
87,1,마포구,CS100004,기타 외국식,2.8408710217755444,1,18,15,1.9,1.6,74.5,43.8,29.2,88.8,60.0,32.5,2.7년,3.6년
88,1,서대문구,CS100004,기타 외국식,2.786764705882353,1,5,2,1.9,0.7,64.9,35.1,31.6,77.8,50.9,27.5,2.6년,4.1년
89,1,서초구,CS100004,기타 외국식,3.3645484949832776,2,15,8,2.7,1.5,80.8,50.5,41.4,80.3,54.9,43.2,3년,3.8년
90,1,성동구,CS100004,기타 외국식,3.1435185185185186,2,14,9,4.1,2.6,79.7,49.2,37.3,92.6,64.7,32.6,2.3년,3.3년
91,1,성북구,CS100004,기타 외국식,2.468468468468469,0,9,5,3.6,2.0,78.2,52.7,38.2,85.7,56.4,46.7,2.7년,3.9년
92,1,송파구,CS100004,기타 외국식,2.798418972332016,1,14,7,2.7,1.3,76.1,53.3,40.2,83.9,63.2,38.8,2.7년,3.7년
93,1,양천구,CS100004,기타 외국식,2.6447368421052637,0,7,7,4.3,4.3,82.6,39.1,30.4,84.6,48.4,30.8,2.3년,3.9년
94,1,영등포구,CS100004,기타 외국식,3.4213483146067416,2,12,15,3.5,4.4,70.1,49.3,43.3,82.8,53.3,41.7,2.6년,3.8년
95,1,용산구,CS100004,기타 외국식,3.149514563106796,2,21,10,2.6,1.3,77.2,51.3,39.9,86.9,62.0,41.2,2.9년,4년
96,1,은평구,CS100004,기타 외국식,2.378640776699029,0,3,7,1.8,4.2,69.6,34.8,26.1,75.7,63.3,41.7,2.3년,3.4년
97,1,종로구,CS100004,기타 외국식,3.2477064220183487,2,9,18,1.7,3.4,72.2,52.2,38.9,85.5,58.2,34.9,3년,4.5년
98,1,중구,CS100004,기타 외국식,3.2580645161290325,2,4,5,0.9,1.2,71.2,50.0,40.9,89.7,64.3,38.4,3년,4.6년
99,1,중랑구,CS100004,기타 외국식,2.363636363636364,0,8,3,6.3,2.4,77.3,45.5,36.4,100.0,41.2,44.4,2.5년,3.6년
100,1,강남구,CS100005,제과제빵,3.420289855072464,2,14,8,2.7,1.5,73.5,51.0,35.7,82.7,51.1,36.8,2.9년,4.4년
101,1,강동구,CS100005,제과제빵,2.927710843373494,1,8,7,3.1,2.7,82.2,60.0,44.4,81.1,41.5,25.0,2.7년,4.3년
102,1,강북구,CS100005,제과제빵,2.752941176470588,1,4,2,3.5,1.8,90.0,50.0,25.0,83.3,46.2,31.8,2.6년,4.6년
103,1,강서구,CS100005,제과제빵,2.952153110047847,1,6,4,2.0,1.3,72.9,42.4,35.6,86.5,42.9,42.6,2.6년,4.2년
104,1,관악구,CS100005,제과제빵,2.86013986013986,1,6,6,2.8,2.8,77.4,38.7,32.3,87.1,50.0,26.8,2.7년,4.6년
105,1,광진구,CS100005,제과제빵,2.808219178082192,1,7,3,3.1,1.3,70.4,48.1,22.2,82.9,45.3,30.0,2.7년,4.6년
106,1,구로구,CS100005,제과제빵,2.9302325581395348,1,6,3,3.6,1.8,84.6,50.0,46.2,82.1,42.9,40.0,2.7년,4.6년
107,1,금천구,CS100005,제과제빵,2.8205128205128207,1,1,1,1.0,1.0,66.7,50.0,41.7,83.3,46.4,28.6,2.9년,5.1년
108,1,노원구,CS100005,제과제빵,2.8974358974358974,1,6,5,2.6,2.1,71.1,42.1,34.2,90.0,57.1,34.1,2.8년,4.9년
109,1,도봉구,CS100005,제과제빵,2.8292682926829267,1,4,2,3.4,1.7,90.0,50.0,30.0,77.8,34.8,27.8,2.4년,4.9년
110,1,동대문구,CS100005,제과제빵,2.9019607843137254,1,3,7,1.8,4.2,66.7,41.7,37.5,90.3,31.0,42.3,2.6년,5년
111,1,동작구,CS100005,제과제빵,2.949275362318841,1,5,8,2.6,4.1,81.0,52.4,35.7,87.0,48.8,23.3,3년,4.9년
112,1,마포구,CS100005,제과제빵,2.84549356223176,1,14,11,3.5,2.7,67.7,37.5,25.0,80.7,48.6,25.0,2.8년,4.1년
113,1,서대문구,CS100005,제과제빵,2.991304347826087,1,5,4,2.7,2.1,75.9,58.6,31.0,91.3,39.4,21.4,2.9년,4.7년
114,1,서초구,CS100005,제과제빵,3.3175355450236967,2,7,9,1.9,2.4,75.4,56.1,40.4,81.6,64.1,29.8,3년,4.8년
115,1,성동구,CS100005,제과제빵,3.031496062992126,1,5,7,2.5,3.5,71.4,38.1,21.4,94.9,50.0,31.6,2.6년,4.1년
116,1,성북구,CS100005,제과제빵,2.846774193548387,1,4,4,1.9,1.9,69.8,41.9,30.2,85.7,61.1,23.5,2.9년,5.1년
117,1,송파구,CS100005,제과제빵,3.0896860986547083,1,10,11,2.7,2.9,67.4,38.9,26.3,84.4,53.2,28.1,2.6년,4.5년
118,1,양천구,CS100005,제과제빵,2.950617283950617,1,5,7,2.4,3.3,75.0,46.4,32.1,88.9,47.4,32.3,2.8년,4.7년
119,1,영등포구,CS100005,제과제빵,3.1184210526315788,1,10,8,3.9,3.1,78.4,56.9,47.1,81.4,62.5,29.5,3년,4.5년
120,1,용산구,CS100005,제과제빵,3.292452830188679,2,7,4,2.9,1.7,78.4,56.8,40.5,93.3,50.0,26.7,3년,4.7년
121,1,은평구,CS100005,제과제빵,2.7432432432432434,1,7,5,3.3,2.4,80.0,47.5,37.5,89.7,55.6,46.3,2.8년,4.6년
122,1,종로구,CS100005,제과제빵,3.0725806451612905,1,11,2,4.4,0.8,85.4,61.0,34.1,87.1,63.2,29.3,2.9년,4.7년
123,1,중구,CS100005,제과제빵,3.3069306930693068,2,3,9,1.2,3.7,81.0,50.0,31.0,88.0,52.5,34.1,3년,5년
124,1,중랑구,CS100005,제과제빵,2.6944444444444446,0,5,6,3.4,4.1,52.2,34.8,21.7,77.1,46.4,22.6,2.4년,4.4년
125,1,강남구,CS100006,패스트푸드,3.3620071684587813,2,14,18,2.3,2.9,71.6,48.4,32.6,81.4,54.0,35.9,2.9년,4.4년
126,1,강동구,CS100006,패스트푸드,2.863636363636364,1,8,11,3.2,4.4,81.8,51.5,27.3,77.2,55.3,35.0,2.7년,4.2년
127,1,강북구,CS100006,패스트푸드,2.73,1,3,1,1.9,0.6,88.5,65.4,46.2,77.1,54.8,31.8,2.6년,4.3년
128,1,강서구,CS100006,패스트푸드,3.0,1,12,4,3.8,1.3,71.7,52.2,41.3,81.8,59.0,30.2,2.5년,4.1년
129,1,관악구,CS100006,패스트푸드,2.8461538461538463,1,8,11,3.1,4.3,68.8,35.4,22.9,66.7,43.5,39.1,2.5년,4.1년
130,1,광진구,CS100006,패스트푸드,3.037878787878788,1,9,8,4.0,3.5,73.8,45.2,31.0,69.7,57.1,47.2,2.8년,4.6년
131,1,구로구,CS100006,패스트푸드,2.848,1,9,1,4.5,0.5,79.3,58.6,37.9,89.2,46.7,28.6,2.8년,4.4년
132,1,금천구,CS100006,패스트푸드,3.0,1,2,5,1.5,3.8,81.3,56.3,43.8,86.7,65.2,50.0,2.8년,4년
133,1,노원구,CS100006,패스트푸드,2.8098159509202456,1,8,12,3.2,4.8,77.5,55.0,32.5,84.1,46.7,34.9,2.7년,4.7년
134,1,도봉구,CS100006,패스트푸드,2.976470588235294,1,1,2,0.9,1.7,81.8,72.7,63.6,75.0,68.4,38.9,2.9년,4.4년
135,1,동대문구,CS100006,패스트푸드,2.563025210084034,0,9,4,4.1,1.8,84.4,50.0,43.8,80.6,54.5,45.7,2.8년,4.3년
136,1,동작구,CS100006,패스트푸드,2.9411764705882355,1,9,8,4.1,3.7,73.3,46.7,36.7,87.8,48.9,33.3,2.7년,4.4년
137,1,마포구,CS100006,패스트푸드,2.9800995024875623,1,13,7,3.3,1.8,74.7,44.6,36.1,88.5,45.7,31.3,2.8년,4.1년
138,1,서대문구,CS100006,패스트푸드,2.867647058823529,1,5,5,2.1,2.1,75.0,40.6,31.3,86.8,53.8,41.9,2.8년,4.7년
139,1,서초구,CS100006,패스트푸드,3.357142857142857,2,7,12,2.4,4.1,73.5,52.9,47.1,87.5,70.3,33.3,3년,4.5년
140,1,성동구,CS100006,패스트푸드,3.298245614035088,2,5,2,2.5,1.0,73.7,47.4,28.9,84.2,44.7,38.5,2.7년,3.8년
141,1,성북구,CS100006,패스트푸드,2.8380281690140845,1,9,6,3.8,2.5,83.3,50.0,26.7,78.7,58.1,40.9,2.9년,4.7년
142,1,송파구,CS100006,패스트푸드,2.916317991631799,1,12,13,2.7,3.0,72.2,45.6,32.9,82.4,57.3,34.7,2.7년,4.1년
143,1,양천구,CS100006,패스트푸드,2.964028776978417,1,3,5,1.5,2.5,78.1,50.0,31.3,76.9,55.2,21.2,2.5년,4.1년
144,1,영등포구,CS100006,패스트푸드,3.2312925170068025,2,11,10,4.1,3.7,75.0,55.0,47.5,81.1,56.8,38.3,3년,4.4년
145,1,용산구,CS100006,패스트푸드,3.2291666666666665,2,5,4,2.2,1.8,83.8,51.4,43.2,80.0,62.9,33.3,3년,4.6년
146,1,은평구,CS100006,패스트푸드,2.746153846153846,1,4,4,1.9,1.9,69.0,42.9,33.3,81.0,54.1,39.5,2.6년,4.2년
147,1,종로구,CS100006,패스트푸드,3.3904761904761904,2,4,4,1.5,1.5,76.6,61.7,55.3,85.4,61.2,50.0,3.4년,4.8년
148,1,중구,CS100006,패스트푸드,3.4019607843137254,2,4,4,1.7,1.7,78.4,43.2,35.1,84.8,53.1,40.7,3.1년,4.7년
149,1,중랑구,CS100006,패스트푸드,2.6605504587155964,0,7,3,4.2,1.8,83.3,50.0,29.2,80.6,56.7,48.0,2.7년,4년
150,1,강남구,CS100007,치킨,3.7708333333333335,2,5,17,1.4,4.9,67.7,35.4,26.2,71.1,49.2,24.3,2.7년,4.6년
151,1,강동구,CS100007,치킨,2.842696629213483,1,5,16,1.7,5.3,79.1,37.2,23.3,79.3,35.2,31.0,2.4년,4.1년
152,1,강북구,CS100007,치킨,2.651851851851852,0,4,9,1.9,4.3,65.0,40.0,32.5,64.4,35.6,25.0,2.5년,4.1년
153,1,강서구,CS100007,치킨,2.8798283261802573,1,14,16,4.1,4.7,67.2,29.7,17.2,67.1,45.3,25.9,2.5년,4.1년
154,1,관악구,CS100007,치킨,2.8058823529411763,1,6,10,2.2,3.6,68.1,37.7,26.1,57.6,32.8,17.9,2.5년,4년
155,1,광진구,CS100007,치킨,2.8424657534246576,1,9,5,3.9,2.2,76.7,48.8,27.9,81.0,45.2,23.5,2.5년,4.3년
156,1,구로구,CS100007,치킨,2.9593023255813957,1,9,10,3.3,3.6,61.8,43.6,29.1,82.6,45.1,29.2,2.6년,4.3년
157,1,금천구,CS100007,치킨,2.846846846846846,1,6,8,3.4,4.5,67.7,38.7,22.6,80.6,52.6,20.0,2.8년,4.6년
158,1,노원구,CS100007,치킨,2.9679144385026737,1,12,15,4.1,5.1,62.5,30.4,19.6,73.8,40.6,21.9,2.4년,4.2년
159,1,도봉구,CS100007,치킨,2.953846153846154,1,5,8,2.5,3.9,75.0,46.9,37.5,75.5,33.3,22.0,2.6년,4.1년
160,1,동대문구,CS100007,치킨,2.6,0,5,13,2.0,5.2,77.2,50.9,43.9,63.2,33.9,34.5,2.5년,4.2년
161,1,동작구,CS100007,치킨,3.053691275167785,1,3,10,1.3,4.3,77.8,42.6,33.3,70.2,41.1,26.9,2.7년,4.4년
162,1,마포구,CS100007,치킨,3.149732620320856,2,5,11,1.9,4.2,78.4,39.2,27.5,74.5,35.1,28.6,2.7년,4.4년
163,1,서대문구,CS100007,치킨,2.717741935483871,1,10,6,5.2,3.1,65.6,34.4,25.0,74.4,31.0,26.5,2.6년,4.6년
164,1,서초구,CS100007,치킨,3.6597222222222223,2,4,9,1.7,3.9,70.7,46.3,26.8,74.5,52.2,29.1,2.7년,4.7년
165,1,성동구,CS100007,치킨,3.1951219512195124,2,4,12,2.2,6.5,64.5,29.0,22.6,80.6,39.5,36.8,2.6년,4.6년
166,1,성북구,CS100007,치킨,2.804878048780488,1,12,12,5.0,5.0,60.5,39.5,27.9,72.5,30.2,26.8,2.6년,4.5년
167,1,송파구,CS100007,치킨,2.991031390134529,1,12,16,3.3,4.4,67.4,33.7,25.8,72.4,44.7,27.4,2.5년,4.4년
168,1,양천구,CS100007,치킨,3.05,1,10,11,4.3,4.7,71.8,48.7,30.8,63.0,45.5,25.0,2.4년,4.3년
169,1,영등포구,CS100007,치킨,3.036144578313253,1,6,5,2.2,1.9,75.0,46.9,31.3,72.1,43.2,27.1,2.5년,4.7년
170,1,용산구,CS100007,치킨,3.2674418604651163,2,2,3,1.5,2.2,64.3,50.0,35.7,80.0,47.6,21.4,2.8년,5년
171,1,은평구,CS100007,치킨,2.810344827586207,1,15,7,5.6,2.6,78.0,54.2,37.3,70.4,24.3,24.6,2.3년,4.1년
172,1,종로구,CS100007,치킨,3.3529411764705883,2,3,3,2.3,2.3,70.6,47.1,29.4,81.0,50.0,20.0,2.7년,5.5년
173,1,중구,CS100007,치킨,3.425531914893617,2,2,7,1.4,4.8,76.0,40.0,20.0,73.3,50.0,29.0,3년,5.8년
174,1,중랑구,CS100007,치킨,2.6459627329192545,0,10,13,4.1,5.4,47.9,31.3,27.1,77.3,28.1,23.7,2.2년,3.9년
175,1,강남구,CS100008,분식,3.5620029455081,2,59,49,4.9,4.1,55.8,33.9,25.4,60.0,32.5,21.6,2.2년,3.6년
176,1,강동구,CS100008,분식,2.7333333333333334,1,18,9,3.3,1.7,66.2,39.2,29.2,71.1,38.1,28.5,2.4년,3.5년
177,1,강북구,CS100008,분식,2.476237623762376,0,16,10,4.7,2.9,57.4,41.5,36.2,60.0,37.9,25.8,2.4년,3.6년
178,1,강서구,CS100008,분식,3.0223285486443383,1,48,32,7.2,4.8,70.8,44.6,31.0,68.1,40.5,32.7,2.3년,3.6년
179,1,관악구,CS100008,분식,2.823393167342212,1,18,16,3.0,2.7,51.2,32.3,22.8,56.6,41.5,22.4,2.3년,3.8년
180,1,광진구,CS100008,분식,2.881412391738841,1,28,23,5.4,4.5,68.0,38.8,28.2,59.8,43.0,34.3,2.4년,3.9년
181,1,구로구,CS100008,분식,2.7291338582677165,1,22,12,4.8,2.6,67.9,39.5,27.2,74.4,47.3,21.3,2.5년,3.9년
182,1,금천구,CS100008,분식,2.795643153526971,1,13,12,3.8,3.5,62.7,45.8,37.3,76.5,54.5,24.6,2.5년,3.7년
183,1,노원구,CS100008,분식,2.804065040650406,1,21,22,4.4,4.7,67.9,45.0,34.9,62.9,47.6,29.1,2.5년,3.9년
184,1,도봉구,CS100008,분식,2.5959339263024144,0,16,3,5.2,1.0,67.8,37.3,22.0,71.4,51.7,27.7,2.4년,3.8년
185,1,동대문구,CS100008,분식,2.614574898785425,0,17,13,3.8,2.9,67.4,34.8,24.7,67.7,38.7,25.9,2.6년,4년
186,1,동작구,CS100008,분식,3.010452961672474,1,9,9,2.3,2.3,62.2,35.1,26.1,63.6,31.3,25.3,2.5년,3.9년
187,1,마포구,CS100008,분식,3.145210084033613,2,58,28,7.6,3.7,63.7,34.2,24.9,58.6,37.0,17.9,2.2년,3.5년
188,1,서대문구,CS100008,분식,2.8865248226950357,1,15,12,3.0,2.4,57.6,29.3,21.7,76.9,51.9,33.0,2.5년,4년
189,1,서초구,CS100008,분식,3.3769063180827885,2,27,19,3.3,2.3,74.1,47.4,35.6,64.8,52.9,33.6,2.8년,4.1년
190,1,성동구,CS100008,분식,3.21451355661882,2,18,13,4.7,3.4,67.0,37.4,27.5,74.7,45.1,17.4,2.4년,4년
191,1,성북구,CS100008,분식,2.725121781489213,1,15,16,2.9,3.1,64.0,46.0,34.0,70.5,43.1,24.8,2.7년,3.9년
192,1,송파구,CS100008,분식,3.008710078805475,1,49,21,5.9,2.5,65.3,39.8,29.5,61.7,44.8,22.7,2.4년,3.6년
193,1,양천구,CS100008,분식,2.76746096959737,1,18,15,4.2,3.5,64.0,41.9,30.2,64.3,42.7,23.8,2.4년,3.9년
194,1,영등포구,CS100008,분식,3.139705882352941,1,24,19,3.3,2.6,68.5,44.4,34.7,65.5,49.5,34.3,2.5년,3.8년
195,1,용산구,CS100008,분식,3.2660944206008584,2,18,12,3.4,2.3,70.0,46.3,35.0,75.9,33.7,25.4,2.5년,4년
196,1,은평구,CS100008,분식,2.634965034965035,0,22,11,4.2,2.1,57.7,38.0,30.7,67.0,39.8,26.7,2.4년,3.7년
197,1,종로구,CS100008,분식,3.17628705148206,2,21,19,3.0,2.7,69.4,42.3,36.9,74.0,50.0,24.4,2.6년,4.5년
198,1,중구,CS100008,분식,3.3655043586550435,2,13,15,1.7,2.0,64.8,47.7,32.8,68.8,40.8,35.3,2.7년,4.4년
199,1,중랑구,CS100008,분식,2.510204081632653,0,19,9,4.9,2.3,51.2,36.0,29.1,65.9,37.3,19.2,2.4년,3.8년
200,1,강남구,CS100009,주점,4.120218579234972,2,6,26,0.9,3.8,63.6,32.4,20.4,86.0,36.8,22.5,2.7년,4.3년
201,1,강동구,CS100009,주점,2.9326923076923075,1,3,9,0.8,2.4,62.9,26.6,14.0,72.0,22.3,27.7,2.6년,4.2년
202,1,강북구,CS100009,주점,3.0641025641025643,1,9,13,2.8,4.1,61.4,28.3,19.3,71.1,34.2,18.6,2.4년,4년
203,1,강서구,CS100009,주점,2.8908045977011496,1,9,15,1.8,2.9,71.6,33.0,20.1,71.4,40.9,19.1,2.7년,4.3년
204,1,관악구,CS100009,주점,2.9375,1,10,8,2.2,1.7,64.1,28.2,17.9,85.7,34.2,24.5,2.5년,4.2년
205,1,광진구,CS100009,주점,2.701754385964912,0,5,13,1.3,3.3,68.1,35.4,22.9,82.1,37.5,24.8,2.8년,4.2년
206,1,구로구,CS100009,주점,2.6,0,6,16,1.5,4.1,62.7,31.7,19.0,68.7,23.5,18.9,2.4년,4년
207,1,금천구,CS100009,주점,2.6557377049180326,0,6,4,2.6,1.7,64.3,28.6,16.7,62.5,36.8,20.9,2.5년,4년
208,1,노원구,CS100009,주점,2.7209302325581395,1,2,3,0.8,1.2,65.5,32.2,20.7,80.0,39.4,24.1,2.9년,4.4년
209,1,도봉구,CS100009,주점,2.6956521739130435,0,3,2,1.4,1.0,68.9,31.1,19.7,90.9,41.8,19.3,2.7년,4.2년
210,1,동대문구,CS100009,주점,2.9220779220779223,1,5,6,1.8,2.1,71.0,28.0,17.2,84.4,21.6,18.4,2.6년,4.6년
211,1,동작구,CS100009,주점,2.549019607843137,0,7,8,2.7,3.1,71.8,33.3,20.5,84.0,30.3,34.7,3년,4.6년
212,1,마포구,CS100009,주점,3.188679245283019,2,6,19,0.9,2.8,70.4,35.0,21.9,78.9,38.4,24.1,3년,4.4년
213,1,서대문구,CS100009,주점,3.021276595744681,1,1,12,0.4,4.2,65.3,34.7,16.8,76.7,37.2,22.2,2.9년,4.5년
214,1,서초구,CS100009,주점,3.513888888888889,2,2,8,0.6,2.2,72.3,33.0,23.4,87.8,35.5,25.8,3년,4.9년
215,1,성동구,CS100009,주점,2.909090909090909,1,4,8,1.9,3.8,65.6,39.3,26.2,82.1,41.8,29.2,2.9년,4.5년
216,1,성북구,CS100009,주점,2.8666666666666667,1,3,13,1.1,4.8,70.1,35.5,17.8,77.1,44.2,19.6,2.8년,4.4년
217,1,송파구,CS100009,주점,2.957627118644068,1,5,11,1.1,2.5,68.5,37.0,20.6,68.5,42.7,23.7,2.7년,4.3년
218,1,양천구,CS100009,주점,2.68,0,2,5,0.6,1.6,63.9,31.5,23.1,77.3,32.4,18.4,2.7년,4.1년
219,1,영등포구,CS100009,주점,2.8972602739726026,1,10,15,1.9,2.8,67.1,35.5,20.6,74.0,45.3,19.6,2.7년,4.3년
220,1,용산구,CS100009,주점,3.254237288135593,2,7,8,2.2,2.5,76.0,38.5,21.9,86.8,35.8,22.9,3년,4.8년
221,1,은평구,CS100009,주점,2.7655172413793103,1,6,11,1.7,3.1,65.4,23.1,14.6,73.8,36.0,12.8,2.6년,4.3년
222,1,종로구,CS100009,주점,3.198795180722892,2,6,11,1.4,2.6,71.1,40.5,32.2,81.1,44.0,28.8,3.2년,5.1년
223,1,중구,CS100009,주점,2.6142857142857143,0,5,14,1.6,4.6,77.8,46.0,31.7,84.2,52.3,28.8,3년,5년
224,1,중랑구,CS100009,주점,2.7051282051282053,0,7,7,2.0,2.0,62.7,31.0,19.8,66.0,33.9,10.1,2.5년,4년
225,1,강남구,CS100010,커피,3.4061371841155235,2,70,60,3.0,2.6,70.1,40.5,30.3,75.9,51.3,33.1,2.8년,3.7년
226,1,강동구,CS100010,커피,2.791411042944785,1,44,19,6.0,2.6,76.7,43.6,33.1,81.5,48.7,28.3,2.6년,3.3년
227,1,강북구,CS100010,커피,2.621212121212121,0,34,17,7.7,3.8,64.2,36.7,23.9,78.0,45.2,23.7,2.5년,3.2년
228,1,강서구,CS100010,커피,2.955555555555556,1,55,40,5.6,4.0,77.4,47.3,28.9,75.4,51.1,33.2,2.6년,3년
229,1,관악구,CS100010,커피,2.80327868852459,1,39,24,5.3,3.3,70.1,42.9,29.4,76.1,43.6,25.4,2.5년,3.3년
230,1,광진구,CS100010,커피,2.7010869565217392,0,40,29,5.3,3.9,69.5,45.4,30.5,81.1,44.1,33.3,2.6년,3.5년
231,1,구로구,CS100010,커피,2.8852459016393444,1,39,21,6.9,3.7,70.0,44.6,35.4,80.4,52.4,34.1,2.6년,3.3년
232,1,금천구,CS100010,커피,2.78698224852071,1,20,20,4.0,4.0,76.0,47.9,31.3,79.4,46.4,25.2,2.6년,3.2년
233,1,노원구,CS100010,커피,2.96875,1,35,14,5.7,2.3,69.4,41.9,21.8,86.0,48.7,31.4,2.8년,3.5년
234,1,도봉구,CS100010,커피,2.7241379310344827,1,22,19,6.3,5.4,78.1,47.9,32.9,88.2,40.0,29.3,2.7년,3.5년
235,1,동대문구,CS100010,커피,2.679245283018868,0,34,22,5.5,3.5,66.7,48.1,37.2,82.1,51.6,27.6,2.7년,3.5년
236,1,동작구,CS100010,커피,2.784313725490196,1,24,24,4.0,4.0,83.1,48.5,31.5,77.6,46.4,27.5,2.7년,3.4년
237,1,마포구,CS100010,커피,2.8885630498533725,1,92,55,5.1,3.1,70.1,40.9,28.4,80.8,48.7,32.9,2.6년,3.3년
238,1,서대문구,CS100010,커피,2.9798657718120807,1,28,13,4.6,2.2,65.0,39.0,29.3,80.8,46.2,30.2,2.7년,3.5년
239,1,서초구,CS100010,커피,3.3311897106109325,2,59,44,4.7,3.5,73.3,49.0,37.9,81.8,51.7,31.6,2.8년,3.7년
240,1,성동구,CS100010,커피,3.181318681318681,2,37,22,4.8,2.9,75.2,50.3,38.6,77.4,50.3,31.8,2.7년,3.3년
241,1,성북구,CS100010,커피,2.8053691275167787,1,30,16,4.5,2.4,69.2,45.8,33.3,84.6,51.4,28.7,2.7년,3.5년
242,1,송파구,CS100010,커피,3.0,1,59,52,4.6,4.1,73.4,47.5,34.2,74.2,46.7,29.9,2.6년,3.3년
243,1,양천구,CS100010,커피,2.85207100591716,1,33,17,6.2,3.2,72.6,56.0,34.5,85.6,47.8,27.6,2.6년,3.3년
244,1,영등포구,CS100010,커피,3.2433460076045626,2,44,30,4.0,2.7,78.2,50.9,37.0,83.1,53.3,36.6,2.8년,3.7년
245,1,용산구,CS100010,커피,3.0155038759689923,1,37,23,4.7,2.9,76.3,53.0,39.4,81.1,52.8,36.2,2.8년,3.6년
246,1,은평구,CS100010,커피,2.712328767123288,0,37,23,5.9,3.6,73.6,43.4,27.1,79.5,41.7,34.1,2.5년,3.2년
247,1,종로구,CS100010,커피,3.078602620087336,1,44,31,3.7,2.6,68.3,45.7,35.6,81.0,58.6,45.3,3년,4.2년
248,1,중구,CS100010,커피,3.4115384615384614,2,42,26,3.9,2.4,75.2,51.0,37.9,86.3,50.0,34.1,2.8년,4.1년
249,1,중랑구,CS100010,커피,2.627906976744186,0,25,16,5.3,3.4,75.8,47.3,31.9,75.9,46.7,26.6,2.5년,3.1년
250,2,강남구,CS100001,한식,3.611528822055138,2,174,160,3.3,3.0,71.8,46.9,35.2,78.8,52.4,35.2,2.7년,4.6년
251,2,강동구,CS100001,한식,2.7507617306520413,1,61,73,2.6,3.1,73.9,46.9,37.6,72.0,53.2,33.4,2.7년,4.4년
252,2,강북구,CS100001,한식,2.5693035835023665,0,50,51,2.5,2.5,70.3,45.3,36.5,76.7,51.5,34.5,2.6년,4.5년
253,2,강서구,CS100001,한식,3.00883782589483,1,116,86,3.7,2.7,72.0,45.5,33.6,77.6,50.0,34.2,2.5년,4.3년
254,2,관악구,CS100001,한식,2.745609366684407,1,85,73,3.2,2.7,66.7,44.3,32.4,73.7,56.5,32.8,2.6년,4.5년
255,2,광진구,CS100001,한식,2.839107457428068,1,64,68,2.8,3.0,71.2,50.9,36.3,76.3,54.5,36.6,2.8년,4.7년
256,2,구로구,CS100001,한식,2.784978800726832,1,64,69,2.8,3.0,76.9,49.3,35.4,82.3,57.2,39.1,2.8년,4.9년
257,2,금천구,CS100001,한식,2.809833694866233,1,46,52,2.5,2.8,66.4,45.6,35.3,83.0,57.3,33.4,2.6년,4.7년
258,2,노원구,CS100001,한식,2.774618585298197,1,46,41,2.2,2.0,72.2,52.5,42.0,79.8,56.8,41.8,2.8년,4.8년
259,2,도봉구,CS100001,한식,2.636363636363636,0,41,34,2.7,2.3,63.4,41.5,33.3,79.6,55.3,39.3,2.7년,4.7년
260,2,동대문구,CS100001,한식,2.563926940639269,0,73,56,3.0,2.3,71.1,48.3,36.4,79.4,54.9,35.4,2.8년,4.7년
261,2,동작구,CS100001,한식,2.8864526233359435,1,56,53,3.0,2.8,78.3,53.4,39.5,81.6,58.8,42.7,3년,5.3년
262,2,마포구,CS100001,한식,3.176138653768642,2,126,99,3.6,2.8,67.6,45.5,33.3,79.8,56.6,31.2,2.7년,4.6년
263,2,서대문구,CS100001,한식,2.8075601374570445,1,39,41,2.1,2.2,78.3,53.9,43.4,83.5,54.9,42.1,2.9년,5.2년
264,2,서초구,CS100001,한식,3.5506922733363107,2,70,88,2.3,2.9,71.0,47.8,37.1,81.4,52.9,34.1,2.9년,4.9년
265,2,성동구,CS100001,한식,3.0304287690179805,1,56,49,2.9,2.6,78.7,53.3,38.3,79.0,51.0,37.1,2.9년,5년
266,2,성북구,CS100001,한식,2.681110358835477,0,58,42,2.8,2.0,77.1,50.0,39.7,85.8,60.3,39.8,2.9년,4.9년
267,2,송파구,CS100001,한식,3.018807523009204,1,128,89,3.4,2.4,71.9,46.4,35.2,78.3,54.8,36.5,2.7년,4.6년
268,2,양천구,CS100001,한식,2.7796887796887795,1,54,64,3.0,3.6,69.2,47.4,36.7,81.5,49.2,33.9,2.7년,4.5년
269,2,영등포구,CS100001,한식,3.1531848378272764,2,75,76,2.2,2.2,75.6,48.5,38.9,85.4,56.2,38.1,2.8년,4.9년
270,2,용산구,CS100001,한식,3.325018896447468,2,51,35,2.8,1.9,78.0,55.2,42.1,84.7,59.9,39.1,3.1년,5.2년
271,2,은평구,CS100001,한식,2.64142091152815,0,67,65,3.1,3.0,70.1,44.9,32.6,81.5,54.7,36.1,2.6년,4.6년
272,2,종로구,CS100001,한식,3.326007326007326,2,62,42,2.1,1.4,75.1,49.0,41.1,88.4,63.2,42.9,3.1년,5.6년
273,2,중구,CS100001,한식,3.3640167364016738,2,60,46,2.2,1.7,72.8,51.5,38.5,90.2,62.0,39.9,3.1년,5.8년
274,2,중랑구,CS100001,한식,2.5960712093308778,0,66,60,2.9,2.7,70.3,44.6,33.3,78.7,51.9,32.4,2.7년,4.5년
275,2,강남구,CS100002,중식,3.865546218487395,2,22,14,4.7,3.0,72.1,50.0,44.1,70.5,52.1,34.8,2.7년,4.7년
276,2,강동구,CS100002,중식,2.7218045112781954,1,7,9,4.0,5.1,67.7,41.9,32.3,75.6,55.9,38.7,2.5년,4.5년
277,2,강북구,CS100002,중식,2.4285714285714284,0,10,4,8.1,3.3,73.1,38.5,34.6,64.0,62.1,28.6,2.3년,4.2년
278,2,강서구,CS100002,중식,2.975845410628019,1,22,11,8.5,4.2,83.3,53.7,40.7,66.7,49.1,32.1,2.4년,4.1년
279,2,관악구,CS100002,중식,2.723756906077348,1,9,8,4.0,3.6,66.0,38.0,26.0,75.9,57.1,29.0,2.5년,4.2년
280,2,광진구,CS100002,중식,3.010362694300518,1,8,2,3.3,0.8,69.6,52.2,45.7,100.0,60.4,38.0,2.9년,4.2년
281,2,구로구,CS100002,중식,2.367857142857143,0,10,8,2.7,2.2,58.3,31.3,27.1,75.0,47.4,28.1,2.5년,3.7년
282,2,금천구,CS100002,중식,2.6855345911949686,0,12,8,5.8,3.9,55.7,44.3,36.1,79.2,37.7,33.3,2.3년,3.5년
283,2,노원구,CS100002,중식,2.821138211382114,1,5,7,3.2,4.4,77.8,55.6,50.0,88.9,48.0,34.8,2.8년,4.7년
284,2,도봉구,CS100002,중식,2.730769230769231,1,2,3,2.0,3.1,73.7,57.9,36.8,90.5,70.0,31.8,2.8년,4.7년
285,2,동대문구,CS100002,중식,2.484472049689441,0,14,10,6.5,4.7,79.4,52.9,35.3,75.7,46.9,29.7,2.6년,4.4년
286,2,동작구,CS100002,중식,2.8091603053435112,1,5,3,3.0,1.8,90.9,72.7,54.5,71.4,40.0,42.9,3.1년,4.4년
287,2,마포구,CS100002,중식,3.2423076923076923,2,17,11,5.3,3.4,72.7,60.6,43.9,72.1,53.4,39.7,2.7년,4.4년
288,2,서대문구,CS100002,중식,2.8473282442748094,1,9,4,4.9,2.2,72.0,44.0,36.0,86.2,48.8,37.0,2.8년,4.3년
289,2,서초구,CS100002,중식,3.7939698492462313,2,10,5,3.7,1.9,76.2,52.4,38.1,79.1,50.0,38.2,2.8년,5년
290,2,성동구,CS100002,중식,3.1048387096774195,1,5,3,3.2,1.9,73.7,52.6,42.1,70.8,60.9,28.0,2.8년,4.5년
291,2,성북구,CS100002,중식,2.648854961832061,0,11,5,6.3,2.9,94.7,57.9,47.4,90.9,56.1,30.4,2.9년,5.1년
292,2,송파구,CS100002,중식,3.144186046511628,2,15,15,5.4,5.4,79.2,56.6,35.8,73.8,38.9,43.1,2.6년,4.2년
293,2,양천구,CS100002,중식,2.7413793103448274,1,8,6,5.9,4.4,69.2,53.8,23.1,73.7,54.5,45.0,2.6년,4.7년
294,2,영등포구,CS100002,중식,2.8070953436807096,1,28,17,4.6,2.8,71.5,40.0,30.9,79.3,49.2,27.6,2.6년,3.6년
295,2,용산구,CS100002,중식,3.530434782608696,2,6,7,3.5,4.1,70.8,54.2,37.5,87.5,58.6,39.1,3.1년,5.6년
296,2,은평구,CS100002,중식,2.636363636363636,0,6,7,3.7,4.3,70.0,53.3,36.7,79.1,30.4,36.7,2.5년,4.5년
297,2,종로구,CS100002,중식,3.376470588235294,2,10,3,4.7,1.4,73.9,47.8,41.3,96.6,42.9,35.0,2.8년,5.2년
298,2,중구,CS100002,중식,3.574585635359116,2,10,7,3.7,2.6,83.3,47.6,33.3,87.9,63.0,47.5,3.2년,5.1년
299,2,중랑구,CS100002,중식,2.536842105263158,0,10,4,8.7,3.5,64.3,28.6,28.6,63.2,38.1,28.0,2.3년,4년
300,2,강남구,CS100003,일식,3.615863141524106,2,29,14,3.0,1.5,80.3,53.4,42.7,85.7,64.9,45.2,2.9년,4.2년
301,2,강동구,CS100003,일식,2.560846560846561,0,13,13,5.2,5.2,62.5,43.8,33.3,83.9,54.5,32.1,2.4년,4.1년
302,2,강북구,CS100003,일식,2.617647058823529,0,7,8,5.5,6.3,86.1,47.2,33.3,78.6,44.1,27.0,2.3년,3.8년
303,2,강서구,CS100003,일식,2.915129151291513,1,18,11,4.8,2.9,77.8,50.6,46.9,85.1,49.4,40.7,2.5년,3.7년
304,2,관악구,CS100003,일식,2.6619047619047618,0,11,8,3.8,2.7,68.5,53.7,38.9,72.2,56.1,35.8,2.4년,3.6년
305,2,광진구,CS100003,일식,2.772946859903381,1,15,8,5.8,3.1,81.0,54.8,47.6,70.8,55.4,26.2,2.7년,4.2년
306,2,구로구,CS100003,일식,2.737704918032787,1,7,4,3.9,2.2,75.0,58.3,50.0,80.0,64.0,48.6,2.8년,4.7년
307,2,금천구,CS100003,일식,2.792207792207792,1,2,3,1.9,2.8,85.7,42.9,28.6,83.3,60.9,33.3,2.7년,4년
308,2,노원구,CS100003,일식,2.771428571428572,1,9,4,4.9,2.2,51.1,33.3,22.2,91.2,41.9,31.9,2.7년,3.8년
309,2,도봉구,CS100003,일식,2.3466666666666667,0,9,6,8.6,5.7,80.0,40.0,30.0,75.0,57.1,37.5,2.5년,3.8년
310,2,동대문구,CS100003,일식,2.395348837209302,0,6,3,3.4,1.7,66.7,42.9,33.3,80.0,36.8,46.2,2.6년,4.1년
311,2,동작구,CS100003,일식,2.8819444444444446,1,7,6,3.3,2.8,81.6,44.9,38.8,82.4,60.9,29.8,2.9년,5년
312,2,마포구,CS100003,일식,3.085148514851485,1,39,19,6.0,2.9,73.4,46.2,34.3,87.6,49.4,37.0,2.7년,3.7년
313,2,서대문구,CS100003,일식,2.611940298507463,0,9,5,4.5,2.5,64.9,40.5,32.4,74.1,62.5,25.6,2.9년,4.2년
314,2,서초구,CS100003,일식,3.4654545454545453,2,7,8,1.9,2.1,78.4,63.5,51.4,91.3,59.3,31.4,3.1년,4.7년
315,2,성동구,CS100003,일식,3.0595238095238093,1,8,3,4.3,1.6,80.4,56.5,45.7,88.6,46.8,32.5,2.6년,3.9년
316,2,성북구,CS100003,일식,2.5538461538461537,0,8,2,4.5,1.1,71.4,46.9,40.8,80.0,53.7,35.7,2.6년,4년
317,2,송파구,CS100003,일식,2.91131498470948,1,18,16,3.4,3.0,71.3,51.9,38.9,82.8,52.3,45.7,2.8년,4.5년
318,2,양천구,CS100003,일식,2.5118110236220472,0,11,4,6.3,2.3,66.7,47.6,40.5,76.5,56.3,42.9,2.5년,4년
319,2,영등포구,CS100003,일식,3.23938223938224,2,12,4,3.4,1.1,80.0,55.0,45.0,87.0,42.9,48.9,2.8년,4.6년
320,2,용산구,CS100003,일식,3.3224043715847,2,7,9,2.7,3.5,60.4,39.6,27.1,85.0,63.5,21.7,2.9년,4.3년
321,2,은평구,CS100003,일식,2.448818897637796,0,15,11,7.8,5.7,71.4,42.9,28.6,82.5,54.5,26.2,2.4년,3.7년
322,2,종로구,CS100003,일식,3.2844444444444445,2,15,6,4.9,2.0,77.4,54.8,43.5,88.9,54.2,43.4,3년,4.8년
323,2,중구,CS100003,일식,3.385026737967914,2,10,13,3.5,4.5,71.2,33.9,25.4,91.8,54.5,35.0,2.9년,5년
324,2,중랑구,CS100003,일식,2.315315315315315,0,4,2,2.8,1.4,75.0,50.0,40.0,87.5,65.4,64.3,2.7년,3.8년
325,2,강남구,CS100004,기타 외국식,3.4819427148194277,2,64,33,4.3,2.2,72.8,47.4,38.8,85.3,51.6,32.1,2.6년,3.7년
326,2,강동구,CS100004,기타 외국식,2.5576923076923075,0,6,6,2.8,2.8,77.1,45.7,40.0,74.5,52.5,40.0,2.5년,3.5년
327,2,강북구,CS100004,기타 외국식,2.147058823529412,0,4,0,3.6,0.0,50.0,25.0,25.0,69.7,71.4,12.5,2.2년,3.3년
328,2,강서구,CS100004,기타 외국식,2.658959537572254,0,16,7,5.5,2.4,77.3,48.0,40.0,71.8,33.9,33.3,2.3년,3.3년
329,2,관악구,CS100004,기타 외국식,2.581081081081081,0,8,7,2.8,2.5,77.1,52.1,41.7,71.3,66.7,27.7,2.5년,3.8년
330,2,광진구,CS100004,기타 외국식,2.684563758389262,0,9,9,3.5,3.5,72.0,46.0,32.0,83.0,65.1,35.7,2.6년,4년
331,2,구로구,CS100004,기타 외국식,2.5357142857142856,0,7,1,4.7,0.7,84.6,53.8,50.0,85.7,38.1,39.3,2.6년,3.7년
332,2,금천구,CS100004,기타 외국식,2.457627118644068,0,5,3,4.8,2.9,66.7,44.4,22.2,74.1,63.6,28.6,2.6년,3.8년
333,2,노원구,CS100004,기타 외국식,2.673684210526316,0,6,4,3.1,2.1,76.7,50.0,46.7,87.8,52.4,27.3,2.7년,4년
334,2,도봉구,CS100004,기타 외국식,2.2033898305084745,0,5,1,4.9,1.0,76.5,35.3,17.6,95.0,37.5,23.8,2.7년,4년
335,2,동대문구,CS100004,기타 외국식,2.3398058252427183,0,11,4,5.3,1.9,73.7,31.6,28.9,90.0,56.1,31.6,2.7년,3.9년
336,2,동작구,CS100004,기타 외국식,2.8072289156626504,1,5,0,3.2,0.0,85.3,35.3,26.5,91.2,62.5,27.8,2.8년,3.8년
337,2,마포구,CS100004,기타 외국식,2.844155844155844,1,35,22,3.7,2.3,74.5,43.8,29.2,88.4,61.2,33.3,2.7년,3.7년
338,2,서대문구,CS100004,기타 외국식,2.746376811594203,1,7,13,2.7,5.0,64.9,35.1,31.6,71.8,57.6,29.8,2.6년,4.1년
339,2,서초구,CS100004,기타 외국식,3.38562091503268,2,15,13,2.7,2.4,80.8,50.5,41.4,85.4,61.0,35.6,3년,3.8년
340,2,성동구,CS100004,기타 외국식,3.0901287553648067,1,20,8,5.6,2.2,79.7,49.2,37.3,90.5,59.3,33.3,2.3년,3.3년
341,2,성북구,CS100004,기타 외국식,2.3846153846153846,0,4,6,1.6,2.4,78.2,52.7,38.2,83.9,66.7,47.8,2.7년,3.9년
342,2,송파구,CS100004,기타 외국식,2.8068181818181817,1,28,23,5.3,4.4,76.1,53.3,40.2,85.3,59.0,38.4,2.6년,3.7년
343,2,양천구,CS100004,기타 외국식,2.6125,0,6,6,3.7,3.7,82.6,39.1,30.4,86.4,41.2,23.1,2.3년,3.9년
344,2,영등포구,CS100004,기타 외국식,3.458563535911602,2,10,6,2.9,1.7,70.1,49.3,43.3,86.1,60.0,41.8,2.7년,3.8년
345,2,용산구,CS100004,기타 외국식,3.210144927536232,2,39,20,4.8,2.5,77.2,51.3,39.9,90.8,63.8,42.8,2.9년,4년
346,2,은평구,CS100004,기타 외국식,2.431372549019608,0,4,2,2.4,1.2,69.6,34.8,26.1,81.8,54.5,44.4,2.3년,3.4년
347,2,종로구,CS100004,기타 외국식,3.2997032640949557,2,6,9,1.1,1.7,72.2,52.2,38.9,88.9,55.2,36.6,3.1년,4.6년
348,2,중구,CS100004,기타 외국식,3.2930232558139534,2,8,11,1.9,2.6,71.2,50.0,40.9,83.6,63.5,37.5,3년,4.6년
349,2,중랑구,CS100004,기타 외국식,2.378787878787879,0,3,6,2.4,4.8,77.3,45.5,36.4,90.3,55.0,41.7,2.5년,3.6년
350,2,강남구,CS100005,제과제빵,3.4275618374558303,2,23,23,4.4,4.4,73.5,51.0,35.7,84.9,53.8,35.8,3년,4.4년
351,2,강동구,CS100005,제과제빵,2.8862275449101795,1,8,2,3.0,0.8,82.2,60.0,44.4,82.0,41.4,38.3,2.7년,4.3년
352,2,강북구,CS100005,제과제빵,2.769230769230769,1,9,2,7.5,1.7,90.0,50.0,25.0,91.3,45.0,39.1,2.6년,4.6년
353,2,강서구,CS100005,제과제빵,2.942857142857143,1,13,6,4.2,1.9,72.9,42.4,35.6,83.1,42.2,37.1,2.6년,4.2년
354,2,관악구,CS100005,제과제빵,2.8767123287671232,1,9,9,4.3,4.3,77.4,38.7,32.3,69.7,43.2,35.1,2.6년,4.6년
355,2,광진구,CS100005,제과제빵,2.82312925170068,1,9,5,4.0,2.2,70.4,48.1,22.2,81.8,46.6,25.8,2.7년,4.6년
356,2,구로구,CS100005,제과제빵,2.9140625,1,5,5,3.0,3.0,84.6,50.0,46.2,80.6,37.9,40.7,2.7년,4.6년
357,2,금천구,CS100005,제과제빵,2.8641975308641974,1,4,0,3.8,0.0,66.7,50.0,41.7,85.7,51.7,33.3,2.9년,5.1년
358,2,노원구,CS100005,제과제빵,2.85625,1,6,6,2.6,2.6,71.1,42.1,34.2,87.5,50.0,35.1,2.9년,4.9년
359,2,도봉구,CS100005,제과제빵,2.845238095238096,1,5,2,4.2,1.7,90.0,50.0,30.0,79.2,29.2,18.8,2.4년,4.9년
360,2,동대문구,CS100005,제과제빵,2.881818181818182,1,12,4,6.8,2.3,66.7,41.7,37.5,86.1,32.1,39.1,2.5년,5년
361,2,동작구,CS100005,제과제빵,2.9166666666666665,1,6,3,3.0,1.5,81.0,52.4,35.7,85.7,55.9,31.9,3.1년,4.9년
362,2,마포구,CS100005,제과제빵,2.8284518828451883,1,21,22,5.3,5.5,67.7,37.5,25.0,77.6,46.9,23.7,2.8년,4.1년
363,2,서대문구,CS100005,제과제빵,2.900826446280992,1,12,4,6.2,2.1,75.9,58.6,31.0,88.9,48.7,8.3,2.9년,4.7년
364,2,서초구,CS100005,제과제빵,3.429951690821256,2,12,6,3.2,1.6,75.4,56.1,40.4,80.0,70.0,31.5,3.1년,4.8년
365,2,성동구,CS100005,제과제빵,3.0078125,1,9,5,4.4,2.5,71.4,38.1,21.4,91.7,54.8,27.5,2.6년,4.1년
366,2,성북구,CS100005,제과제빵,2.825757575757576,1,11,3,5.1,1.4,69.8,41.9,30.2,85.7,62.2,20.5,2.9년,5.1년
367,2,송파구,CS100005,제과제빵,3.0526315789473686,1,16,9,4.2,2.3,67.4,38.9,26.3,84.7,51.3,28.7,2.7년,4.5년
368,2,양천구,CS100005,제과제빵,2.902439024390244,1,12,11,5.7,5.2,75.0,46.4,32.1,81.8,44.7,33.3,2.8년,4.7년
369,2,영등포구,CS100005,제과제빵,3.136363636363636,1,5,7,2.0,2.7,78.4,56.9,47.1,82.2,60.5,37.0,3년,4.5년
370,2,용산구,CS100005,제과제빵,3.381818181818182,2,7,4,2.9,1.7,78.4,56.8,40.5,92.1,53.8,27.0,3년,4.7년
371,2,은평구,CS100005,제과제빵,2.728476821192053,1,6,4,2.8,1.9,80.0,47.5,37.5,92.1,43.9,44.4,2.8년,4.6년
372,2,종로구,CS100005,제과제빵,3.2,2,5,3,2.0,1.2,85.4,61.0,34.1,89.2,64.3,29.3,3년,4.7년
373,2,중구,CS100005,제과제빵,3.4466019417475726,2,5,9,2.1,3.7,81.0,50.0,31.0,86.2,55.6,32.5,3.1년,5.1년
374,2,중랑구,CS100005,제과제빵,2.5982142857142856,0,6,7,4.2,4.9,52.2,34.8,21.7,77.4,42.9,23.1,2.4년,4.4년
375,2,강남구,CS100006,패스트푸드,3.3496503496503496,2,16,12,2.6,1.9,71.6,48.4,32.6,79.0,55.3,37.4,2.9년,4.4년
376,2,강동구,CS100006,패스트푸드,2.815286624203821,1,13,8,5.1,3.1,81.8,51.5,27.3,76.3,45.5,36.8,2.7년,4.2년
377,2,강북구,CS100006,패스트푸드,2.656565656565657,0,2,7,1.3,4.6,88.5,65.4,46.2,78.1,57.1,33.3,2.7년,4.4년
378,2,강서구,CS100006,패스트푸드,2.889952153110048,1,12,6,3.8,1.9,71.7,52.2,41.3,88.0,51.7,31.9,2.5년,4.1년
379,2,관악구,CS100006,패스트푸드,2.8983050847457625,1,9,8,3.5,3.1,68.8,35.4,22.9,72.9,45.8,32.7,2.6년,4.1년
380,2,광진구,CS100006,패스트푸드,3.0073529411764706,1,7,12,3.2,5.4,73.8,45.2,31.0,78.4,60.0,40.6,2.8년,4.6년
381,2,구로구,CS100006,패스트푸드,2.8461538461538463,1,8,5,4.0,2.5,79.3,58.6,37.9,93.8,55.2,30.4,2.8년,4.4년
382,2,금천구,CS100006,패스트푸드,2.913978494623656,1,4,2,3.0,1.5,81.3,56.3,43.8,78.8,56.0,60.0,2.7년,4년
383,2,노원구,CS100006,패스트푸드,2.8074534161490683,1,8,6,3.2,2.4,77.5,55.0,32.5,88.7,39.6,30.2,2.7년,4.7년
384,2,도봉구,CS100006,패스트푸드,2.929411764705882,1,2,6,1.8,5.4,81.8,72.7,63.6,79.2,77.8,43.8,3년,4.5년
385,2,동대문구,CS100006,패스트푸드,2.6115702479338845,0,3,4,1.4,1.8,84.4,50.0,43.8,81.1,55.0,40.0,2.9년,4.4년
386,2,동작구,CS100006,패스트푸드,3.036764705882353,1,7,4,3.2,1.8,73.3,46.7,36.7,90.9,54.3,30.8,2.8년,4.4년
387,2,마포구,CS100006,패스트푸드,3.069651741293532,1,11,16,2.8,4.1,74.7,44.6,36.1,85.7,46.3,31.6,2.8년,4.1년
388,2,서대문구,CS100006,패스트푸드,2.898550724637681,1,8,6,3.3,2.5,75.0,40.6,31.3,90.0,57.6,38.9,2.8년,4.7년
389,2,서초구,CS100006,패스트푸드,3.3493150684931505,2,6,7,2.1,2.4,73.5,52.9,47.1,81.4,67.6,34.1,3년,4.5년
390,2,성동구,CS100006,패스트푸드,3.3706896551724137,2,5,6,2.5,3.0,73.7,47.4,28.9,81.3,42.1,37.5,2.7년,3.8년
391,2,성북구,CS100006,패스트푸드,2.835616438356164,1,4,8,1.7,3.4,83.3,50.0,26.7,82.1,62.5,39.3,3년,4.7년
392,2,송파구,CS100006,패스트푸드,2.8565573770491803,1,18,15,4.1,3.4,72.2,45.6,32.9,86.7,60.6,33.8,2.6년,4.1년
393,2,양천구,CS100006,패스트푸드,3.007575757575758,1,5,8,2.5,4.1,78.1,50.0,31.3,79.2,42.4,19.4,2.5년,4.2년
394,2,영등포구,CS100006,패스트푸드,3.2026143790849675,2,9,5,3.3,1.8,75.0,55.0,47.5,82.5,57.1,35.4,3년,4.5년
395,2,용산구,CS100006,패스트푸드,3.3069306930693068,2,4,3,1.8,1.3,83.8,51.4,43.2,86.8,64.7,42.5,3.1년,4.6년
396,2,은평구,CS100006,패스트푸드,2.7251908396946565,1,8,8,3.7,3.7,69.0,42.9,33.3,78.0,51.7,35.7,2.6년,4.3년
397,2,종로구,CS100006,패스트푸드,3.457943925233645,2,3,5,1.1,1.9,76.6,61.7,55.3,83.3,63.0,55.8,3.4년,4.9년
398,2,중구,CS100006,패스트푸드,3.4380952380952383,2,3,3,1.3,1.3,78.4,43.2,35.1,87.5,47.5,42.4,3.2년,4.7년
399,2,중랑구,CS100006,패스트푸드,2.580357142857143,0,3,4,1.8,2.4,83.3,50.0,29.2,76.9,59.4,41.9,2.6년,4.1년
400,2,강남구,CS100007,치킨,3.796875,2,9,11,2.6,3.2,67.7,35.4,26.2,70.3,53.4,25.4,2.7년,4.7년
401,2,강동구,CS100007,치킨,2.737142857142857,1,14,11,4.6,3.6,79.1,37.2,23.3,77.6,46.7,32.0,2.4년,4.1년
402,2,강북구,CS100007,치킨,2.722627737226277,1,10,12,4.8,5.8,65.0,40.0,32.5,59.5,42.9,31.8,2.4년,4.1년
403,2,강서구,CS100007,치킨,2.8577777777777778,1,14,15,4.2,4.5,67.2,29.7,17.2,65.4,50.8,18.5,2.5년,4.1년
404,2,관악구,CS100007,치킨,2.763636363636364,1,9,11,3.3,4.0,68.1,37.7,26.1,62.3,26.3,22.0,2.6년,4년
405,2,광진구,CS100007,치킨,2.827586206896552,1,9,10,3.9,4.3,76.7,48.8,27.9,85.7,52.9,27.3,2.5년,4.3년
406,2,구로구,CS100007,치킨,2.8757062146892656,1,14,7,5.0,2.5,61.8,43.6,29.1,80.4,46.2,32.7,2.6년,4.3년
407,2,금천구,CS100007,치킨,2.858407079646017,1,8,12,4.7,7.0,67.7,38.7,22.6,78.8,51.4,17.6,2.7년,4.6년
408,2,노원구,CS100007,치킨,2.952380952380953,1,12,9,4.0,3.0,62.5,30.4,19.6,79.3,46.6,20.7,2.5년,4.2년
409,2,도봉구,CS100007,치킨,2.853846153846154,1,8,6,3.9,2.9,75.0,46.9,37.5,70.6,46.9,22.0,2.6년,4.1년
410,2,동대문구,CS100007,치킨,2.6405228758169934,0,6,12,2.5,4.9,77.2,50.9,43.9,61.2,34.0,34.0,2.5년,4.2년
411,2,동작구,CS100007,치킨,2.986577181208053,1,11,10,4.7,4.3,77.8,42.6,33.3,65.3,42.0,31.6,2.7년,4.4년
412,2,마포구,CS100007,치킨,3.18232044198895,2,4,7,1.5,2.7,78.4,39.2,27.5,84.6,42.3,27.1,2.7년,4.4년
413,2,서대문구,CS100007,치킨,2.755905511811024,1,11,7,5.6,3.5,65.6,34.4,25.0,76.5,35.7,20.7,2.5년,4.6년
414,2,서초구,CS100007,치킨,3.676470588235294,2,3,5,1.3,2.2,70.7,46.3,26.8,75.0,54.8,23.4,2.8년,4.8년
415,2,성동구,CS100007,치킨,3.225,2,6,5,3.2,2.7,64.5,29.0,22.6,83.9,40.5,14.3,2.6년,4.6년
416,2,성북구,CS100007,치킨,2.75,1,4,10,1.7,4.3,60.5,39.5,27.9,71.4,36.0,26.5,2.6년,4.5년
417,2,송파구,CS100007,치킨,3.091743119266055,1,8,12,2.2,3.3,67.4,33.7,25.8,79.1,46.1,30.9,2.5년,4.4년
418,2,양천구,CS100007,치킨,2.892405063291139,1,10,12,4.3,5.2,71.8,48.7,30.8,63.0,36.5,31.8,2.3년,4.3년
419,2,영등포구,CS100007,치킨,3.117283950617284,1,4,8,1.5,3.0,75.0,46.9,31.3,69.3,41.7,26.7,2.6년,4.7년
420,2,용산구,CS100007,치킨,3.3373493975903616,2,5,5,3.7,3.7,64.3,50.0,35.7,96.2,43.5,20.0,2.7년,5년
421,2,은평구,CS100007,치킨,2.739884393063584,1,9,13,3.4,4.9,78.0,54.2,37.3,68.8,24.3,30.6,2.3년,4.1년
422,2,종로구,CS100007,치킨,3.5242718446601944,2,5,4,3.8,3.0,70.6,47.1,29.4,85.0,54.2,25.0,2.7년,5.5년
423,2,중구,CS100007,치킨,3.694736842105263,2,1,6,0.7,4.3,76.0,40.0,20.0,83.3,43.8,26.7,3년,5.8년
424,2,중랑구,CS100007,치킨,2.652173913043478,0,10,5,4.0,2.0,47.9,31.3,27.1,80.3,37.1,21.7,2.2년,3.9년
425,2,강남구,CS100008,분식,3.5469985358711567,2,95,27,7.4,2.1,55.8,33.9,25.4,59.9,38.2,23.5,2.2년,3.6년
426,2,강동구,CS100008,분식,2.7012987012987013,0,29,18,5.2,3.3,66.2,39.2,29.2,69.6,47.2,29.2,2.5년,3.5년
427,2,강북구,CS100008,분식,2.5316455696202533,0,19,12,5.4,3.4,57.4,41.5,36.2,62.9,42.2,28.4,2.3년,3.6년
428,2,강서구,CS100008,분식,3.031920460491889,1,49,20,7.1,2.9,70.8,44.6,31.0,67.1,40.8,33.3,2.3년,3.6년
429,2,관악구,CS100008,분식,2.8157596371882088,1,32,19,5.2,3.1,51.2,32.3,22.8,64.8,41.9,23.2,2.3년,3.8년
430,2,광진구,CS100008,분식,2.86277001270648,1,37,9,6.8,1.7,68.0,38.8,28.2,64.3,46.4,32.2,2.3년,3.9년
431,2,구로구,CS100008,분식,2.752329192546584,1,34,13,7.0,2.7,67.9,39.5,27.2,79.5,43.6,24.4,2.4년,3.9년
432,2,금천구,CS100008,분식,2.7783452502553625,1,12,8,3.4,2.3,62.7,45.8,37.3,71.9,55.4,20.8,2.5년,3.7년
433,2,노원구,CS100008,분식,2.784651527016445,1,18,17,3.8,3.6,67.9,45.0,34.9,58.5,52.1,29.1,2.5년,3.9년
434,2,도봉구,CS100008,분식,2.604651162790698,0,18,10,5.7,3.1,67.8,37.3,22.0,74.6,50.0,27.6,2.4년,3.8년
435,2,동대문구,CS100008,분식,2.595712098009189,0,23,12,5.0,2.6,67.4,34.8,24.7,71.9,40.7,21.4,2.6년,4년
436,2,동작구,CS100008,분식,2.9836629406706794,1,16,10,4.1,2.6,62.2,35.1,26.1,65.0,27.0,23.7,2.5년,3.9년
437,2,마포구,CS100008,분식,3.158576051779935,2,75,30,9.3,3.7,63.7,34.2,24.9,62.2,32.9,23.5,2.2년,3.5년
438,2,서대문구,CS100008,분식,2.8794178794178795,1,18,8,3.5,1.5,57.6,29.3,21.7,82.2,51.9,34.3,2.5년,4년
439,2,서초구,CS100008,분식,3.385321100917431,2,33,18,4.0,2.2,74.1,47.4,35.6,70.2,51.9,34.2,2.7년,4.1년
440,2,성동구,CS100008,분식,3.176470588235294,2,27,17,6.9,4.3,67.0,37.4,27.5,71.0,41.3,20.2,2.4년,4년
441,2,성북구,CS100008,분식,2.683467741935484,0,22,12,4.1,2.3,64.0,46.0,34.0,71.3,48.9,30.0,2.7년,3.9년
442,2,송파구,CS100008,분식,2.99384236453202,1,50,29,5.9,3.4,65.3,39.8,29.5,64.0,48.7,27.3,2.3년,3.6년
443,2,양천구,CS100008,분식,2.7552,1,31,21,7.1,4.8,64.0,41.9,30.2,64.9,40.5,23.2,2.4년,3.8년
444,2,영등포구,CS100008,분식,3.129345603271984,1,37,13,5.0,1.7,68.5,44.4,34.7,68.4,51.0,29.9,2.5년,3.8년
445,2,용산구,CS100008,분식,3.345328719723184,2,30,15,5.5,2.7,70.0,46.3,35.0,76.6,39.1,33.0,2.4년,4년
446,2,은평구,CS100008,분식,2.6566347469220246,0,25,13,4.7,2.4,57.7,38.0,30.7,71.0,37.9,29.3,2.4년,3.7년
447,2,종로구,CS100008,분식,3.2434210526315788,2,30,17,4.2,2.4,69.4,42.3,36.9,77.5,51.5,23.0,2.6년,4.5년
448,2,중구,CS100008,분식,3.3806333739342267,2,16,12,2.1,1.6,64.8,47.7,32.8,68.7,45.3,31.5,2.6년,4.4년
449,2,중랑구,CS100008,분식,2.5235772357723576,0,24,11,6.0,2.7,51.2,36.0,29.1,71.6,40.5,21.3,2.4년,3.8년
450,2,강남구,CS100009,주점,4.048034934497816,2,11,27,1.6,4.0,63.6,32.4,20.4,87.3,37.2,20.9,2.7년,4.3년
451,2,강동구,CS100009,주점,2.8652482269503547,1,10,9,2.7,2.4,62.9,26.6,14.0,70.8,28.7,28.2,2.6년,4.2년
452,2,강북구,CS100009,주점,2.8034188034188032,1,11,12,3.5,3.8,61.4,28.3,19.3,71.1,32.8,22.7,2.4년,4년
453,2,강서구,CS100009,주점,3.057416267942584,1,17,16,3.3,3.1,71.6,33.0,20.1,78.1,42.6,20.5,2.7년,4.3년
454,2,관악구,CS100009,주점,3.0108108108108107,1,15,12,3.2,2.6,64.1,28.2,17.9,94.4,37.3,20.5,2.5년,4.2년
455,2,광진구,CS100009,주점,2.7384615384615385,1,13,16,3.3,4.0,68.1,35.4,22.9,87.5,41.6,21.1,2.8년,4.2년
456,2,구로구,CS100009,주점,2.4133333333333336,0,19,14,4.8,3.6,62.7,31.7,19.0,73.8,24.3,20.3,2.4년,4년
457,2,금천구,CS100009,주점,2.7790697674418605,1,13,4,5.4,1.7,64.3,28.6,16.7,72.4,43.1,17.3,2.5년,4년
458,2,노원구,CS100009,주점,2.8666666666666667,1,9,6,3.6,2.4,65.5,32.2,20.7,76.2,41.9,28.7,2.9년,4.4년
459,2,도봉구,CS100009,주점,2.30188679245283,0,5,5,2.4,2.4,68.9,31.1,19.7,84.0,44.4,20.7,2.8년,4.2년
460,2,동대문구,CS100009,주점,2.877551020408163,1,5,5,1.8,1.8,71.0,28.0,17.2,80.0,27.8,17.9,2.6년,4.6년
461,2,동작구,CS100009,주점,2.897058823529412,1,6,5,2.3,1.9,71.8,33.3,20.5,90.5,43.9,18.2,3년,4.7년
462,2,마포구,CS100009,주점,3.138888888888889,1,9,27,1.4,4.2,70.4,35.0,21.9,81.9,33.5,23.2,3년,4.5년
463,2,서대문구,CS100009,주점,2.980769230769231,1,4,8,1.4,2.9,65.3,34.7,16.8,79.2,38.8,21.6,2.9년,4.6년
464,2,서초구,CS100009,주점,3.2873563218390807,2,6,16,1.7,4.5,72.3,33.0,23.4,85.7,38.4,19.4,2.9년,4.9년
465,2,성동구,CS100009,주점,2.92,1,9,6,4.2,2.8,65.6,39.3,26.2,82.1,37.9,35.9,2.8년,4.5년
466,2,성북구,CS100009,주점,2.8,1,6,10,2.2,3.7,70.1,35.5,17.8,79.4,47.5,14.4,2.9년,4.4년
467,2,송파구,CS100009,주점,2.966216216216216,1,15,17,3.4,3.8,68.5,37.0,20.6,67.2,47.7,20.4,2.7년,4.4년
468,2,양천구,CS100009,주점,2.619047619047619,0,13,14,4.1,4.4,63.9,31.5,23.1,79.1,36.8,17.9,2.7년,4.1년
469,2,영등포구,CS100009,주점,3.021390374331551,1,18,17,3.3,3.2,67.1,35.5,20.6,67.1,44.2,24.2,2.6년,4.3년
470,2,용산구,CS100009,주점,3.236111111111111,2,3,15,1.0,4.9,76.0,38.5,21.9,84.2,40.7,26.6,3년,4.8년
471,2,은평구,CS100009,주점,2.766871165644172,1,8,8,2.3,2.3,65.4,23.1,14.6,82.9,37.6,17.8,2.6년,4.4년
472,2,종로구,CS100009,주점,3.182741116751269,2,5,9,1.2,2.2,71.1,40.5,32.2,88.0,46.4,28.0,3.3년,5.2년
473,2,중구,CS100009,주점,2.7277486910994764,1,3,5,1.0,1.7,77.8,46.0,31.7,87.2,52.1,28.3,3년,5.1년
474,2,중랑구,CS100009,주점,2.691489361702128,0,20,12,5.7,3.4,62.7,31.0,19.8,64.4,35.3,16.2,2.4년,4년
475,2,강남구,CS100010,커피,3.390202702702702,2,137,48,5.7,2.0,70.1,40.5,30.3,77.6,52.6,33.0,2.8년,3.7년
476,2,강동구,CS100010,커피,2.803468208092485,1,58,19,7.6,2.5,76.7,43.6,33.1,81.7,52.3,30.2,2.6년,3.3년
477,2,강북구,CS100010,커피,2.6301369863013697,0,29,18,6.4,4.0,64.2,36.7,23.9,80.4,47.5,19.1,2.5년,3.2년
478,2,강서구,CS100010,커피,2.927710843373494,1,86,32,8.3,3.1,77.4,47.3,28.9,77.0,52.5,32.9,2.5년,3년
479,2,관악구,CS100010,커피,2.901554404145078,1,56,30,7.4,4.0,70.1,42.9,29.4,79.4,44.8,33.3,2.5년,3.2년
480,2,광진구,CS100010,커피,2.715736040609137,1,66,21,8.3,2.6,69.5,45.4,30.5,79.6,50.3,33.3,2.6년,3.5년
481,2,구로구,CS100010,커피,2.9285714285714284,1,33,18,5.7,3.1,70.0,44.6,35.4,83.1,52.4,35.9,2.6년,3.3년
482,2,금천구,CS100010,커피,2.7717391304347827,1,44,23,8.5,4.4,76.0,47.9,31.3,78.9,42.9,28.1,2.5년,3.2년
483,2,노원구,CS100010,커피,2.953216374269006,1,38,16,6.0,2.5,69.4,41.9,21.8,88.3,53.9,33.3,2.8년,3.5년
484,2,도봉구,CS100010,커피,2.808333333333333,1,20,13,5.6,3.6,78.1,47.9,32.9,87.0,41.8,32.9,2.7년,3.5년
485,2,동대문구,CS100010,커피,2.635294117647059,0,48,19,7.4,2.9,66.7,48.1,37.2,82.0,55.4,39.5,2.7년,3.4년
486,2,동작구,CS100010,커피,2.690058479532164,0,48,22,7.7,3.5,83.1,48.5,31.5,79.0,51.7,34.0,2.6년,3.4년
487,2,마포구,CS100010,커피,2.894179894179894,1,145,69,7.8,3.7,70.1,40.9,28.4,81.2,48.1,31.3,2.6년,3.3년
488,2,서대문구,CS100010,커피,2.9683544303797467,1,39,17,6.2,2.7,65.0,39.0,29.3,83.5,47.2,32.0,2.7년,3.5년
489,2,서초구,CS100010,커피,3.2844574780058653,2,73,34,5.7,2.6,73.3,49.0,37.9,80.8,50.8,31.6,2.8년,3.7년
490,2,성동구,CS100010,커피,3.171717171717172,2,52,19,6.5,2.4,75.2,50.3,38.6,82.6,50.0,37.0,2.7년,3.3년
491,2,성북구,CS100010,커피,2.820987654320988,1,52,13,7.3,1.8,69.2,45.8,33.3,89.3,60.0,32.8,2.7년,3.4년
492,2,송파구,CS100010,커피,2.963483146067416,1,104,43,7.8,3.2,73.4,47.5,34.2,75.3,47.7,31.3,2.6년,3.3년
493,2,양천구,CS100010,커피,2.8715083798882683,1,40,19,7.2,3.4,72.6,56.0,34.5,87.8,48.2,32.7,2.6년,3.3년
494,2,영등포구,CS100010,커피,3.256227758007117,2,65,32,5.7,2.8,78.2,50.9,37.0,80.0,54.9,39.8,2.8년,3.7년
495,2,용산구,CS100010,커피,3.036496350364964,1,59,15,7.1,1.8,76.3,53.0,39.4,84.8,56.8,35.0,2.8년,3.5년
496,2,은평구,CS100010,커피,2.691823899371069,0,41,22,6.3,3.4,73.6,43.4,27.1,80.5,48.0,33.1,2.5년,3.2년
497,2,종로구,CS100010,커피,3.173387096774193,2,58,25,4.8,2.1,68.3,45.7,35.6,79.1,60.2,36.6,3년,4.2년
498,2,중구,CS100010,커피,3.430147058823529,2,55,21,5.0,1.9,75.2,51.0,37.9,84.7,49.5,42.9,2.8년,4.1년
499,2,중랑구,CS100010,커피,2.642857142857143,0,38,20,7.8,4.1,75.8,47.3,31.9,75.8,53.0,27.9,2.5년,3.1년
500,3,강남구,CS100001,한식,3.620958751393534,2,140,247,2.7,4.8,71.8,46.9,35.2,73.8,53.2,34.3,2.7년,4.7년
501,3,강동구,CS100001,한식,2.743730886850153,1,69,144,3.0,6.4,73.9,46.9,37.6,68.0,52.4,34.3,2.7년,4.5년
502,3,강북구,CS100001,한식,2.5527222605099933,0,52,96,2.7,4.9,70.3,45.3,36.5,75.2,50.1,35.3,2.6년,4.5년
503,3,강서구,CS100001,한식,2.992901508429459,1,114,173,3.7,5.6,72.0,45.5,33.6,74.2,48.1,33.3,2.6년,4.3년
504,3,관악구,CS100001,한식,2.712913553895411,0,79,164,3.1,6.3,66.7,44.3,32.4,69.7,51.0,31.3,2.6년,4.5년
505,3,광진구,CS100001,한식,2.8429506246281977,1,67,106,3.0,4.8,71.2,50.9,36.3,76.5,53.9,33.0,2.8년,4.7년
506,3,구로구,CS100001,한식,2.792892156862745,1,60,131,2.7,5.9,76.9,49.3,35.4,78.0,50.6,37.9,2.8년,4.9년
507,3,금천구,CS100001,한식,2.7934065934065933,1,42,77,2.3,4.3,66.4,45.6,35.3,80.8,56.1,31.9,2.7년,4.7년
508,3,노원구,CS100001,한식,2.775654635527247,1,43,110,2.2,5.5,72.2,52.5,42.0,71.7,55.9,42.4,2.9년,4.8년
509,3,도봉구,CS100001,한식,2.588342440801457,0,30,64,2.1,4.4,63.4,41.5,33.3,75.7,53.7,35.9,2.8년,4.8년
510,3,동대문구,CS100001,한식,2.5715948777648427,0,64,121,2.7,5.0,71.1,48.3,36.4,76.1,54.7,34.5,2.8년,4.8년
511,3,동작구,CS100001,한식,2.912252964426877,1,37,82,2.0,4.5,78.3,53.4,39.5,77.5,61.3,39.7,3년,5.3년
512,3,마포구,CS100001,한식,3.1791226645004063,2,98,180,2.9,5.3,67.6,45.5,33.3,77.8,54.7,31.1,2.8년,4.6년
513,3,서대문구,CS100001,한식,2.8258232235701906,1,52,97,2.9,5.4,78.3,53.9,43.4,81.3,50.7,43.4,3년,5.2년
514,3,서초구,CS100001,한식,3.593834995466908,2,61,125,2.1,4.3,71.0,47.8,37.1,78.0,51.8,36.4,2.9년,4.9년
515,3,성동구,CS100001,한식,3.0250347705146035,1,49,78,2.6,4.1,78.7,53.3,38.3,78.0,54.2,39.1,2.9년,5년
516,3,성북구,CS100001,한식,2.682186234817814,0,59,92,2.9,4.5,77.1,50.0,39.7,79.9,60.6,37.9,2.9년,5년
517,3,송파구,CS100001,한식,3.025295797633619,1,108,223,3.0,6.2,71.9,46.4,35.2,72.7,50.9,34.8,2.7년,4.6년
518,3,양천구,CS100001,한식,2.756915339480302,1,36,77,2.1,4.5,69.2,47.4,36.7,75.9,48.9,35.4,2.8년,4.6년
519,3,영등포구,CS100001,한식,3.191531460229521,2,102,159,3.1,4.8,75.6,48.5,38.9,82.4,54.1,37.9,2.9년,4.9년
520,3,용산구,CS100001,한식,3.309827456864216,2,41,66,2.2,3.6,78.0,55.2,42.1,86.8,58.1,39.3,3.1년,5.2년
521,3,은평구,CS100001,한식,2.6001357773251867,0,58,94,2.7,4.4,70.1,44.9,32.6,77.1,54.8,34.5,2.7년,4.6년
522,3,종로구,CS100001,한식,3.331047096479195,2,79,119,2.7,4.1,75.1,49.0,41.1,85.3,62.2,40.9,3.1년,5.6년
523,3,중구,CS100001,한식,3.3776150627615062,2,58,101,2.1,3.7,72.8,51.5,38.5,84.7,62.4,37.8,3.1년,5.8년
524,3,중랑구,CS100001,한식,2.541154791154791,0,58,115,2.6,5.2,70.3,44.6,33.3,73.2,55.0,33.7,2.7년,4.5년
525,3,강남구,CS100002,중식,3.898630136986301,2,26,20,5.4,4.2,72.1,50.0,44.1,68.7,48.0,34.8,2.7년,4.7년
526,3,강동구,CS100002,중식,2.62043795620438,0,11,11,6.3,6.3,67.7,41.9,32.3,75.0,48.5,26.1,2.5년,4.4년
527,3,강북구,CS100002,중식,2.4690265486725664,0,7,6,5.6,4.8,73.1,38.5,34.6,60.9,64.3,25.9,2.3년,4.2년
528,3,강서구,CS100002,중식,2.970731707317073,1,19,25,7.5,9.9,83.3,53.7,40.7,64.5,49.1,37.7,2.4년,4.1년
529,3,관악구,CS100002,중식,2.659217877094972,0,11,15,5.0,6.8,66.0,38.0,26.0,62.7,58.5,30.5,2.6년,4.2년
530,3,광진구,CS100002,중식,3.0155440414507773,1,13,8,5.3,3.3,69.6,52.2,45.7,96.6,48.0,41.8,2.9년,4.2년
531,3,구로구,CS100002,중식,2.3125,0,17,12,4.5,3.2,58.3,31.3,27.1,82.0,52.0,24.3,2.5년,3.7년
532,3,금천구,CS100002,중식,2.6506024096385543,0,17,11,8.0,5.2,55.7,44.3,36.1,74.5,39.2,36.7,2.3년,3.5년
533,3,노원구,CS100002,중식,2.795275590551181,1,6,8,3.8,5.1,77.8,55.6,50.0,76.7,45.5,36.4,2.8년,4.7년
534,3,도봉구,CS100002,중식,2.675,0,4,9,4.3,9.7,73.7,57.9,36.8,81.0,60.0,37.5,2.8년,4.8년
535,3,동대문구,CS100002,중식,2.540372670807453,0,11,18,5.3,8.7,79.4,52.9,35.3,77.3,47.5,36.1,2.5년,4.4년
536,3,동작구,CS100002,중식,2.787401574803149,1,6,7,3.6,4.2,90.9,72.7,54.5,73.9,50.0,45.5,3.1년,4.4년
537,3,마포구,CS100002,중식,3.265151515151515,2,17,18,5.3,5.6,72.7,60.6,43.9,71.4,53.3,43.1,2.7년,4.3년
538,3,서대문구,CS100002,중식,2.8529411764705883,1,10,7,5.4,3.8,72.0,44.0,36.0,84.4,45.1,40.9,2.8년,4.3년
539,3,서초구,CS100002,중식,3.751243781094528,2,9,17,3.5,6.5,76.2,52.4,38.1,76.7,37.5,35.7,2.9년,5년
540,3,성동구,CS100002,중식,3.115702479338843,1,4,6,2.6,3.9,73.7,52.6,42.1,73.3,55.0,33.3,2.8년,4.5년
541,3,성북구,CS100002,중식,2.708955223880597,0,7,8,4.0,4.6,94.7,57.9,47.4,82.1,61.2,47.1,2.9년,5.1년
542,3,송파구,CS100002,중식,3.165137614678899,2,13,18,4.7,6.6,79.2,56.6,35.8,66.7,48.3,37.0,2.7년,4.2년
543,3,양천구,CS100002,중식,2.708333333333333,0,8,4,5.8,2.9,69.2,53.8,23.1,73.1,56.5,37.5,2.6년,4.7년
544,3,영등포구,CS100002,중식,2.823529411764706,1,30,29,4.9,4.7,71.5,40.0,30.9,80.0,53.1,31.4,2.6년,3.7년
545,3,용산구,CS100002,중식,3.5526315789473686,2,1,4,0.6,2.4,70.8,54.2,37.5,84.6,53.6,32.0,3.2년,5.7년
546,3,은평구,CS100002,중식,2.680672268907563,0,9,9,5.6,5.6,70.0,53.3,36.7,78.9,28.0,35.3,2.5년,4.5년
547,3,종로구,CS100002,중식,3.4207317073170733,2,6,9,2.8,4.3,73.9,47.8,41.3,92.6,39.1,42.2,2.9년,5.3년
548,3,중구,CS100002,중식,3.591397849462365,2,8,12,3.0,4.5,83.3,47.6,33.3,71.9,53.8,36.2,3.2년,5.1년
549,3,중랑구,CS100002,중식,2.527472527472528,0,7,13,6.4,11.9,64.3,28.6,28.6,71.4,38.5,35.0,2.2년,4년
550,3,강남구,CS100003,일식,3.6290571870170014,2,32,30,3.3,3.1,80.3,53.4,42.7,82.2,65.3,42.7,2.9년,4.2년
551,3,강동구,CS100003,일식,2.523316062176166,0,8,16,3.3,6.6,62.5,43.8,33.3,77.2,59.6,37.7,2.4년,4.1년
552,3,강북구,CS100003,일식,2.519607843137255,0,6,8,4.8,6.4,86.1,47.2,33.3,71.4,44.4,35.9,2.4년,3.8년
553,3,강서구,CS100003,일식,2.926470588235294,1,20,22,5.4,5.9,77.8,50.6,46.9,84.4,54.3,43.3,2.5년,3.7년
554,3,관악구,CS100003,일식,2.593607305936073,0,17,18,5.9,6.2,68.5,53.7,38.9,70.6,56.9,37.7,2.4년,3.6년
555,3,광진구,CS100003,일식,2.770731707317073,1,9,11,3.5,4.3,81.0,54.8,47.6,72.7,59.3,36.4,2.8년,4.3년
556,3,구로구,CS100003,일식,2.7416666666666667,1,2,9,1.2,5.2,75.0,58.3,50.0,76.9,75.0,52.9,2.8년,4.7년
557,3,금천구,CS100003,일식,2.7468354430379747,1,9,3,7.9,2.6,85.7,42.9,28.6,82.1,70.0,35.3,2.6년,3.9년
558,3,노원구,CS100003,일식,2.8,1,7,8,3.8,4.3,51.1,33.3,22.2,85.7,41.0,28.9,2.6년,3.8년
559,3,도봉구,CS100003,일식,2.3974358974358974,0,0,6,0.0,6.1,80.0,40.0,30.0,73.5,55.6,13.3,2.5년,3.8년
560,3,동대문구,CS100003,일식,2.4318181818181817,0,14,10,7.7,5.5,66.7,42.9,33.3,84.2,41.9,25.0,2.6년,4.1년
561,3,동작구,CS100003,일식,2.9214285714285717,1,7,8,3.3,3.7,81.6,44.9,38.8,80.6,63.6,29.2,2.9년,5.1년
562,3,마포구,CS100003,일식,3.1106870229007635,1,46,32,6.9,4.8,73.4,46.2,34.3,82.5,49.7,35.3,2.7년,3.7년
563,3,서대문구,CS100003,일식,2.678832116788321,0,7,12,3.6,6.1,64.9,40.5,32.4,72.2,64.1,36.2,3년,4.3년
564,3,서초구,CS100003,일식,3.45724907063197,2,15,18,4.0,4.8,78.4,63.5,51.4,88.6,55.4,44.0,3.1년,4.8년
565,3,성동구,CS100003,일식,3.117647058823529,1,15,8,7.8,4.1,80.4,56.5,45.7,94.9,45.3,40.4,2.6년,3.8년
566,3,성북구,CS100003,일식,2.5789473684210527,0,11,7,6.0,3.8,71.4,46.9,40.8,74.3,53.8,34.0,2.6년,4년
567,3,송파구,CS100003,일식,2.9321533923303837,1,20,14,3.8,2.6,71.3,51.9,38.9,78.8,54.2,40.7,2.8년,4.5년
568,3,양천구,CS100003,일식,2.464,0,11,11,6.3,6.3,66.7,47.6,40.5,66.7,54.8,36.6,2.5년,4년
569,3,영등포구,CS100003,일식,3.218867924528302,2,19,15,5.3,4.2,80.0,55.0,45.0,90.5,45.1,48.1,2.8년,4.6년
570,3,용산구,CS100003,일식,3.260869565217391,2,10,9,3.9,3.5,60.4,39.6,27.1,87.1,69.5,25.0,2.9년,4.4년
571,3,은평구,CS100003,일식,2.3909774436090228,0,6,9,3.2,4.7,71.4,42.9,28.6,81.8,51.2,33.3,2.5년,3.8년
572,3,종로구,CS100003,일식,3.309090909090909,2,12,11,3.9,3.6,77.4,54.8,43.5,85.3,54.8,41.7,2.9년,4.8년
573,3,중구,CS100003,일식,3.374331550802139,2,13,10,4.5,3.4,71.2,33.9,25.4,83.7,51.7,30.0,2.9년,5년
574,3,중랑구,CS100003,일식,2.357142857142857,0,10,9,7.0,6.3,75.0,50.0,40.0,82.8,46.2,43.8,2.7년,3.8년
575,3,강남구,CS100004,기타 외국식,3.480697384806974,2,65,61,4.4,4.1,72.8,47.4,38.8,79.2,49.4,37.4,2.6년,3.7년
576,3,강동구,CS100004,기타 외국식,2.5643564356435644,0,7,7,3.3,3.3,77.1,45.7,40.0,75.0,44.2,45.2,2.5년,3.5년
577,3,강북구,CS100004,기타 외국식,2.235294117647059,0,4,7,3.7,6.5,50.0,25.0,25.0,70.3,69.2,25.0,2.3년,3.3년
578,3,강서구,CS100004,기타 외국식,2.7298850574712645,1,18,15,6.1,5.1,77.3,48.0,40.0,71.3,46.7,38.7,2.4년,3.3년
579,3,관악구,CS100004,기타 외국식,2.604026845637584,0,13,15,4.6,5.3,77.1,52.1,41.7,70.1,59.6,36.0,2.5년,3.9년
580,3,광진구,CS100004,기타 외국식,2.619354838709677,0,11,11,4.3,4.3,72.0,46.0,32.0,84.3,54.0,30.6,2.6년,4년
581,3,구로구,CS100004,기타 외국식,2.5977011494252875,0,5,7,3.4,4.7,84.6,53.8,50.0,79.2,41.4,48.6,2.7년,3.7년
582,3,금천구,CS100004,기타 외국식,2.476923076923077,0,9,4,8.3,3.7,66.7,44.4,22.2,72.4,45.5,27.3,2.5년,3.7년
583,3,노원구,CS100004,기타 외국식,2.6907216494845363,0,6,7,3.2,3.7,76.7,50.0,46.7,85.1,62.5,45.5,2.7년,4년
584,3,도봉구,CS100004,기타 외국식,2.1785714285714284,0,3,7,3.1,7.1,76.5,35.3,17.6,86.7,50.0,18.2,2.8년,4.1년
585,3,동대문구,CS100004,기타 외국식,2.47,0,4,10,2.0,4.9,73.7,31.6,28.9,85.0,61.5,28.9,2.8년,3.9년
586,3,동작구,CS100004,기타 외국식,2.835294117647059,1,7,10,4.5,6.5,85.3,35.3,26.5,85.7,59.3,25.7,2.8년,3.8년
587,3,마포구,CS100004,기타 외국식,2.7880258899676376,1,37,46,3.9,4.9,74.5,43.8,29.2,84.7,57.0,31.0,2.8년,3.7년
588,3,서대문구,CS100004,기타 외국식,2.851851851851852,1,7,8,2.7,3.1,64.9,35.1,31.6,84.4,51.9,30.9,2.7년,4.1년
589,3,서초구,CS100004,기타 외국식,3.296774193548387,2,17,24,3.1,4.4,80.8,50.5,41.4,82.3,59.7,41.1,3년,3.8년
590,3,성동구,CS100004,기타 외국식,3.156779661016949,2,17,17,4.8,4.8,79.7,49.2,37.3,90.2,54.5,32.1,2.4년,3.4년
591,3,성북구,CS100004,기타 외국식,2.427350427350427,0,7,13,2.9,5.4,78.2,52.7,38.2,77.1,62.2,38.9,2.8년,3.9년
592,3,송파구,CS100004,기타 외국식,2.828996282527881,1,20,16,3.8,3.0,76.1,53.3,40.2,84.9,52.3,44.7,2.7년,3.7년
593,3,양천구,CS100004,기타 외국식,2.5365853658536586,0,4,8,2.5,5.1,82.6,39.1,30.4,76.2,42.1,31.6,2.4년,3.9년
594,3,영등포구,CS100004,기타 외국식,3.3967391304347827,2,9,11,2.6,3.2,70.1,49.3,43.3,84.1,59.0,45.6,2.7년,3.8년
595,3,용산구,CS100004,기타 외국식,3.218370883882149,2,42,30,5.1,3.6,77.2,51.3,39.9,88.1,64.7,43.4,2.9년,4년
596,3,은평구,CS100004,기타 외국식,2.486238532110092,0,9,9,5.4,5.4,69.6,34.8,26.1,81.4,48.3,35.7,2.3년,3.4년
597,3,종로구,CS100004,기타 외국식,3.300595238095238,2,26,11,4.8,2.0,72.2,52.2,38.9,81.3,58.9,42.2,3.1년,4.6년
598,3,중구,CS100004,기타 외국식,3.310810810810811,2,13,12,3.0,2.8,71.2,50.0,40.9,82.8,66.2,39.2,3년,4.6년
599,3,중랑구,CS100004,기타 외국식,2.2535211267605635,0,4,4,3.2,3.2,77.3,45.5,36.4,90.9,55.6,36.4,2.5년,3.6년
600,3,강남구,CS100005,제과제빵,3.435540069686412,2,23,13,4.3,2.4,73.5,51.0,35.7,88.4,50.6,36.4,3년,4.4년
601,3,강동구,CS100005,제과제빵,2.908536585365854,1,6,13,2.3,5.1,82.2,60.0,44.4,82.0,29.2,38.8,2.7년,4.3년
602,3,강북구,CS100005,제과제빵,2.702127659574468,0,2,3,1.7,2.5,90.0,50.0,25.0,94.7,45.5,26.1,2.7년,4.6년
603,3,강서구,CS100005,제과제빵,2.9411764705882355,1,7,15,2.3,5.0,72.9,42.4,35.6,77.6,52.4,32.8,2.7년,4.2년
604,3,관악구,CS100005,제과제빵,2.931034482758621,1,7,7,3.3,3.3,77.4,38.7,32.3,72.7,56.8,28.6,2.6년,4.6년
605,3,광진구,CS100005,제과제빵,2.8689655172413797,1,10,10,4.4,4.4,70.4,48.1,22.2,75.0,50.0,37.0,2.7년,4.6년
606,3,구로구,CS100005,제과제빵,2.9365079365079363,1,5,6,3.0,3.6,84.6,50.0,46.2,80.0,30.3,45.2,2.8년,4.6년
607,3,금천구,CS100005,제과제빵,2.8588235294117648,1,7,7,6.6,6.6,66.7,50.0,41.7,61.5,57.7,41.7,2.8년,5.1년
608,3,노원구,CS100005,제과제빵,2.8037974683544302,1,6,8,2.6,3.4,71.1,42.1,34.2,81.3,42.5,35.0,2.9년,4.9년
609,3,도봉구,CS100005,제과제빵,2.8095238095238093,1,8,4,6.5,3.3,90.0,50.0,30.0,88.5,29.2,10.0,2.4년,4.9년
610,3,동대문구,CS100005,제과제빵,2.827586206896552,1,7,6,4.0,3.4,66.7,41.7,37.5,77.1,40.7,41.7,2.5년,5년
611,3,동작구,CS100005,제과제빵,2.8972602739726026,1,10,9,5.0,4.5,81.0,52.4,35.7,83.3,57.6,31.7,3년,4.9년
612,3,마포구,CS100005,제과제빵,2.773662551440329,1,22,17,5.4,4.2,67.7,37.5,25.0,75.7,47.1,23.7,2.8년,4.1년
613,3,서대문구,CS100005,제과제빵,2.9672131147540983,1,12,7,6.0,3.5,75.9,58.6,31.0,87.9,52.3,16.0,2.8년,4.6년
614,3,서초구,CS100005,제과제빵,3.394230769230769,2,7,9,1.9,2.4,75.4,56.1,40.4,78.8,70.0,36.2,3.1년,4.8년
615,3,성동구,CS100005,제과제빵,3.023809523809524,1,7,8,3.5,4.0,71.4,38.1,21.4,87.5,59.0,32.5,2.7년,4.1년
616,3,성북구,CS100005,제과제빵,2.787878787878788,1,9,7,4.2,3.2,69.8,41.9,30.2,87.8,50.0,20.9,2.8년,5.1년
617,3,송파구,CS100005,제과제빵,3.1096491228070176,1,14,19,3.7,5.0,67.4,38.9,26.3,79.2,41.4,26.5,2.7년,4.5년
618,3,양천구,CS100005,제과제빵,2.8841463414634148,1,2,9,1.0,4.4,75.0,46.4,32.1,82.2,47.2,28.6,2.8년,4.7년
619,3,영등포구,CS100005,제과제빵,3.172185430463576,2,8,11,3.2,4.3,78.4,56.9,47.1,75.0,54.3,44.7,3년,4.5년
620,3,용산구,CS100005,제과제빵,3.3421052631578947,2,8,4,3.3,1.6,78.4,56.8,40.5,89.5,57.1,42.1,2.9년,4.7년
621,3,은평구,CS100005,제과제빵,2.731034482758621,1,10,8,4.7,3.7,80.0,47.5,37.5,91.7,57.4,36.0,2.8년,4.6년
622,3,종로구,CS100005,제과제빵,3.2459016393442623,2,8,13,3.2,5.2,85.4,61.0,34.1,85.7,66.0,36.2,3년,4.7년
623,3,중구,CS100005,제과제빵,3.4423076923076925,2,7,4,2.9,1.6,81.0,50.0,31.0,82.1,61.1,31.0,3.1년,5.1년
624,3,중랑구,CS100005,제과제빵,2.601769911504425,0,6,6,4.2,4.2,52.2,34.8,21.7,74.1,40.5,27.3,2.5년,4.4년
625,3,강남구,CS100006,패스트푸드,3.3978494623655915,2,14,25,2.3,4.1,71.6,48.4,32.6,78.6,50.5,38.0,2.9년,4.4년
626,3,강동구,CS100006,패스트푸드,2.793548387096774,1,10,14,4.0,5.6,81.8,51.5,27.3,74.3,36.4,29.0,2.7년,4.2년
627,3,강북구,CS100006,패스트푸드,2.7157894736842105,1,9,11,6.0,7.3,88.5,65.4,46.2,75.6,58.3,45.5,2.7년,4.3년
628,3,강서구,CS100006,패스트푸드,2.8613861386138613,1,10,20,3.2,6.5,71.7,52.2,41.3,81.1,44.4,38.3,2.6년,4.1년
629,3,관악구,CS100006,패스트푸드,2.8901734104046244,1,10,12,3.9,4.7,68.8,35.4,22.9,72.2,56.5,26.0,2.6년,4.1년
630,3,광진구,CS100006,패스트푸드,3.111940298507463,1,7,10,3.2,4.6,73.8,45.2,31.0,73.5,64.3,36.8,2.8년,4.6년
631,3,구로구,CS100006,패스트푸드,2.8076923076923075,1,10,9,4.9,4.4,79.3,58.6,37.9,94.3,51.7,37.9,2.8년,4.4년
632,3,금천구,CS100006,패스트푸드,2.9166666666666665,1,9,8,6.6,5.9,81.3,56.3,43.8,73.1,62.1,47.1,2.6년,4년
633,3,노원구,CS100006,패스트푸드,2.830188679245283,1,7,10,2.8,4.0,77.5,55.0,32.5,82.5,39.5,31.9,2.8년,4.7년
634,3,도봉구,CS100006,패스트푸드,2.857142857142857,1,3,5,2.7,4.5,81.8,72.7,63.6,81.0,68.8,53.3,3년,4.5년
635,3,동대문구,CS100006,패스트푸드,2.6178861788617884,0,4,7,1.8,3.2,84.4,50.0,43.8,79.1,62.5,39.5,2.9년,4.4년
636,3,동작구,CS100006,패스트푸드,2.9328358208955225,1,5,2,2.2,0.9,73.3,46.7,36.7,93.5,55.8,33.3,2.8년,4.5년
637,3,마포구,CS100006,패스트푸드,3.0597014925373136,1,14,22,3.7,5.7,74.7,44.6,36.1,79.8,50.0,32.9,2.7년,4.1년
638,3,서대문구,CS100006,패스트푸드,2.9855072463768115,1,6,18,2.6,7.8,75.0,40.6,31.3,78.0,67.9,40.6,2.9년,4.7년
639,3,서초구,CS100006,패스트푸드,3.3013698630136985,2,5,10,1.7,3.5,73.5,52.9,47.1,78.0,75.6,33.3,3년,4.6년
640,3,성동구,CS100006,패스트푸드,3.2413793103448274,2,3,8,1.5,4.1,73.7,47.4,28.9,83.3,53.5,30.0,2.8년,3.9년
641,3,성북구,CS100006,패스트푸드,2.8125,1,5,11,2.2,4.8,83.3,50.0,26.7,77.2,60.6,36.7,3.1년,4.7년
642,3,송파구,CS100006,패스트푸드,2.89344262295082,1,14,22,3.2,5.1,72.2,45.6,32.9,77.2,58.0,38.4,2.7년,4.2년
643,3,양천구,CS100006,패스트푸드,2.9140625,1,8,15,4.2,7.9,78.1,50.0,31.3,74.1,46.9,29.7,2.5년,4.2년
644,3,영등포구,CS100006,패스트푸드,3.218543046357616,2,5,13,1.9,4.9,75.0,55.0,47.5,85.2,60.5,40.5,3년,4.5년
645,3,용산구,CS100006,패스트푸드,3.31,2,3,8,1.4,3.6,83.8,51.4,43.2,87.2,60.0,44.4,3.1년,4.7년
646,3,은평구,CS100006,패스트푸드,2.7709923664122136,1,6,11,2.9,5.2,69.0,42.9,33.3,83.0,45.5,36.2,2.7년,4.3년
647,3,종로구,CS100006,패스트푸드,3.57843137254902,2,2,13,0.8,5.1,76.6,61.7,55.3,73.2,60.4,62.3,3.5년,4.9년
648,3,중구,CS100006,패스트푸드,3.4150943396226414,2,10,12,4.4,5.3,78.4,43.2,35.1,87.9,40.0,33.3,3.1년,4.7년
649,3,중랑구,CS100006,패스트푸드,2.568807339449541,0,4,6,2.5,3.7,83.3,50.0,29.2,84.6,53.3,37.9,2.7년,4.1년
650,3,강남구,CS100007,치킨,3.733333333333333,2,22,19,6.3,5.4,67.7,35.4,26.2,59.3,54.5,25.8,2.7년,4.6년
651,3,강동구,CS100007,치킨,2.847953216374269,1,12,27,4.1,9.3,79.1,37.2,23.3,65.8,39.7,30.0,2.4년,4.2년
652,3,강북구,CS100007,치킨,2.725925925925926,1,9,8,4.3,3.8,65.0,40.0,32.5,63.2,42.3,34.1,2.4년,4.2년
653,3,강서구,CS100007,치킨,2.8796296296296298,1,18,23,5.4,6.9,67.2,29.7,17.2,60.5,45.5,19.4,2.5년,4.1년
654,3,관악구,CS100007,치킨,2.774834437086093,1,10,29,3.9,11.4,68.1,37.7,26.1,63.3,21.7,19.7,2.6년,4년
655,3,광진구,CS100007,치킨,2.823943661971831,1,2,15,0.9,6.9,76.7,48.8,27.9,80.0,48.3,35.9,2.6년,4.4년
656,3,구로구,CS100007,치킨,2.8323353293413174,1,3,17,1.1,6.3,61.8,43.6,29.1,81.5,42.4,32.7,2.6년,4.3년
657,3,금천구,CS100007,치킨,2.752212389380531,1,11,13,6.5,7.6,67.7,38.7,22.6,73.5,52.6,24.0,2.6년,4.6년
658,3,노원구,CS100007,치킨,2.8950276243093924,1,13,24,4.5,8.4,62.5,30.4,19.6,66.7,47.4,22.0,2.5년,4.2년
659,3,도봉구,CS100007,치킨,2.8461538461538463,1,7,14,3.5,7.1,75.0,46.9,37.5,68.9,44.4,22.9,2.6년,4.1년
660,3,동대문구,CS100007,치킨,2.5733333333333333,0,10,15,4.2,6.3,77.2,50.9,43.9,61.8,28.8,41.5,2.5년,4.2년
661,3,동작구,CS100007,치킨,2.986394557823129,1,5,11,2.2,4.9,77.8,42.6,33.3,66.7,38.6,34.0,2.8년,4.5년
662,3,마포구,CS100007,치킨,3.179190751445087,2,3,12,1.2,4.8,78.4,39.2,27.5,82.6,41.7,33.3,2.7년,4.5년
663,3,서대문구,CS100007,치킨,2.7851239669421486,1,6,16,3.2,8.5,65.6,34.4,25.0,77.8,43.2,20.0,2.5년,4.6년
664,3,서초구,CS100007,치킨,3.7196969696969697,2,4,11,1.8,5.0,70.7,46.3,26.8,75.0,52.8,27.1,2.7년,4.8년
665,3,성동구,CS100007,치킨,3.189655172413793,2,5,7,2.7,3.8,64.5,29.0,22.6,78.1,37.5,21.4,2.7년,4.7년
666,3,성북구,CS100007,치킨,2.7857142857142856,1,6,12,2.6,5.3,60.5,39.5,27.9,71.4,31.1,24.1,2.7년,4.5년
667,3,송파구,CS100007,치킨,3.084507042253521,1,15,21,4.2,5.9,67.4,33.7,25.8,71.8,43.0,32.2,2.5년,4.4년
668,3,양천구,CS100007,치킨,2.8853503184713376,1,7,11,3.1,4.9,71.8,48.7,30.8,66.7,38.9,32.6,2.3년,4.3년
669,3,영등포구,CS100007,치킨,3.151898734177215,2,9,10,3.4,3.8,75.0,46.9,31.3,75.4,51.1,30.8,2.6년,4.8년
670,3,용산구,CS100007,치킨,3.3076923076923075,2,3,7,2.3,5.3,64.3,50.0,35.7,84.2,44.0,18.8,2.7년,5년
671,3,은평구,CS100007,치킨,2.815950920245399,1,6,18,2.4,7.1,78.0,54.2,37.3,69.4,21.6,32.3,2.3년,4.1년
672,3,종로구,CS100007,치킨,3.59375,2,4,4,3.0,3.0,70.6,47.1,29.4,75.0,61.3,26.3,2.7년,5.5년
673,3,중구,CS100007,치킨,3.638297872340425,2,1,2,0.7,1.4,76.0,40.0,20.0,76.5,41.7,32.1,3년,5.8년
674,3,중랑구,CS100007,치킨,2.628205128205128,0,4,15,1.7,6.4,47.9,31.3,27.1,79.2,32.1,26.4,2.3년,4년
675,3,강남구,CS100008,분식,3.559964465501925,2,67,58,5.2,4.5,55.8,33.9,25.4,60.1,42.0,25.4,2.2년,3.6년
676,3,강동구,CS100008,분식,2.669683257918552,0,33,25,5.9,4.5,66.2,39.2,29.2,67.7,54.7,30.8,2.4년,3.5년
677,3,강북구,CS100008,분식,2.504854368932039,0,20,19,5.7,5.4,57.4,41.5,36.2,66.2,36.9,30.2,2.4년,3.6년
678,3,강서구,CS100008,분식,3.0093701197293075,1,54,43,7.7,6.1,70.8,44.6,31.0,67.7,35.4,35.0,2.3년,3.5년
679,3,관악구,CS100008,분식,2.77681660899654,1,29,28,4.7,4.6,51.2,32.3,22.8,65.8,42.2,23.5,2.3년,3.8년
680,3,광진구,CS100008,분식,2.858638743455497,1,20,20,3.7,3.7,68.0,38.8,28.2,63.7,51.1,30.4,2.3년,3.9년
681,3,구로구,CS100008,분식,2.7540729247478666,1,17,32,3.6,6.8,67.9,39.5,27.2,72.3,43.2,28.0,2.5년,3.9년
682,3,금천구,CS100008,분식,2.777892561983471,1,19,13,5.4,3.7,62.7,45.8,37.3,65.4,59.3,25.0,2.5년,3.7년
683,3,노원구,CS100008,분식,2.800955414012739,1,21,14,4.4,2.9,67.9,45.0,34.9,57.6,52.7,30.2,2.5년,4년
684,3,도봉구,CS100008,분식,2.577777777777778,0,17,22,5.4,7.0,67.8,37.3,22.0,74.6,46.9,23.9,2.3년,3.8년
685,3,동대문구,CS100008,분식,2.624615384615385,0,19,15,4.1,3.3,67.4,34.8,24.7,67.2,41.8,21.5,2.6년,4년
686,3,동작구,CS100008,분식,2.9503424657534247,1,25,18,6.3,4.5,62.2,35.1,26.1,75.9,38.0,27.7,2.5년,3.9년
687,3,마포구,CS100008,분식,3.142857142857143,2,64,33,7.6,3.9,63.7,34.2,24.9,60.5,36.2,26.0,2.2년,3.5년
688,3,서대문구,CS100008,분식,2.938803894297636,1,33,19,6.2,3.6,57.6,29.3,21.7,76.2,51.2,27.0,2.4년,4년
689,3,서초구,CS100008,분식,3.376285868976719,2,33,20,3.9,2.4,74.1,47.4,35.6,73.0,49.1,39.1,2.7년,4.1년
690,3,성동구,CS100008,분식,3.188505747126437,2,26,16,6.5,4.0,67.0,37.4,27.5,67.1,42.5,23.6,2.4년,4년
691,3,성북구,CS100008,분식,2.739402362751911,1,16,26,3.1,5.0,64.0,46.0,34.0,73.6,57.8,29.4,2.6년,3.9년
692,3,송파구,CS100008,분식,2.9921487603305783,1,42,37,4.9,4.3,65.3,39.8,29.5,62.7,46.1,27.1,2.3년,3.6년
693,3,양천구,CS100008,분식,2.75,1,20,22,4.6,5.1,64.0,41.9,30.2,60.6,39.8,28.2,2.4년,3.9년
694,3,영등포구,CS100008,분식,3.130147432638536,1,33,25,4.4,3.3,68.5,44.4,34.7,68.9,46.7,32.2,2.5년,3.8년
695,3,용산구,CS100008,분식,3.3365384615384617,2,28,24,5.1,4.4,70.0,46.3,35.0,77.1,36.5,33.0,2.4년,4년
696,3,은평구,CS100008,분식,2.6345885634588564,0,17,26,3.2,4.9,57.7,38.0,30.7,71.0,43.0,30.9,2.4년,3.7년
697,3,종로구,CS100008,분식,3.2467597208374874,2,30,17,4.1,2.3,69.4,42.3,36.9,81.0,50.5,30.7,2.6년,4.5년
698,3,중구,CS100008,분식,3.380664652567976,2,28,22,3.6,2.8,64.8,47.7,32.8,75.9,47.9,33.1,2.6년,4.4년
699,3,중랑구,CS100008,분식,2.5435139573070606,0,30,23,7.3,5.6,51.2,36.0,29.1,73.8,37.5,21.1,2.4년,3.8년
700,3,강남구,CS100009,주점,4.112068965517241,2,12,37,1.9,5.7,63.6,32.4,20.4,80.4,36.5,18.3,2.7년,4.3년
701,3,강동구,CS100009,주점,2.742424242424242,1,16,21,4.4,5.8,62.9,26.6,14.0,62.5,31.1,19.9,2.6년,4.2년
702,3,강북구,CS100009,주점,2.875,1,11,17,3.5,5.5,61.4,28.3,19.3,70.6,32.4,18.1,2.4년,4년
703,3,강서구,CS100009,주점,3.0970873786407767,1,14,33,2.8,6.7,71.6,33.0,20.1,80.7,38.5,20.3,2.7년,4.4년
704,3,관악구,CS100009,주점,2.952380952380953,1,8,29,1.8,6.5,64.1,28.2,17.9,83.7,36.2,16.9,2.6년,4.2년
705,3,광진구,CS100009,주점,2.830769230769231,1,8,21,2.1,5.5,68.1,35.4,22.9,79.5,40.2,20.1,2.8년,4.2년
706,3,구로구,CS100009,주점,2.684931506849315,0,18,17,4.6,4.3,62.7,31.7,19.0,76.8,35.8,21.3,2.4년,4년
707,3,금천구,CS100009,주점,2.707317073170732,0,12,16,5.0,6.7,64.3,28.6,16.7,62.5,44.0,18.6,2.6년,4년
708,3,노원구,CS100009,주점,3.0625,1,11,17,4.6,7.1,65.5,32.2,20.7,79.2,50.0,18.2,2.9년,4.4년
709,3,도봉구,CS100009,주점,2.363636363636364,0,7,5,3.3,2.4,68.9,31.1,19.7,81.5,47.7,23.8,2.8년,4.2년
710,3,동대문구,CS100009,주점,2.851063829787234,1,7,9,2.5,3.2,71.0,28.0,17.2,84.0,32.4,18.1,2.6년,4.6년
711,3,동작구,CS100009,주점,2.757575757575758,1,4,17,1.6,6.9,71.8,33.3,20.5,100.0,41.2,16.0,3년,4.7년
712,3,마포구,CS100009,주점,3.147058823529412,2,7,34,1.1,5.5,70.4,35.0,21.9,81.3,38.2,23.1,3년,4.5년
713,3,서대문구,CS100009,주점,2.9166666666666665,1,8,7,2.9,2.5,65.3,34.7,16.8,82.1,38.4,25.7,2.9년,4.6년
714,3,서초구,CS100009,주점,3.2790697674418605,2,7,13,2.0,3.7,72.3,33.0,23.4,86.2,46.8,22.7,3년,4.9년
715,3,성동구,CS100009,주점,2.94,1,5,12,2.4,5.9,65.6,39.3,26.2,63.6,43.9,31.7,2.9년,4.5년
716,3,성북구,CS100009,주점,3.05,1,6,12,2.3,4.6,70.1,35.5,17.8,70.8,46.6,18.1,2.9년,4.4년
717,3,송파구,CS100009,주점,2.8689655172413797,1,24,22,5.4,4.9,68.5,37.0,20.6,54.5,49.0,20.6,2.7년,4.4년
718,3,양천구,CS100009,주점,2.542372881355932,0,2,20,0.7,6.6,63.9,31.5,23.1,73.0,43.1,19.6,2.7년,4.2년
719,3,영등포구,CS100009,주점,2.9829545454545454,1,17,34,3.3,6.5,67.1,35.5,20.6,72.9,44.8,20.7,2.6년,4.3년
720,3,용산구,CS100009,주점,3.352112676056338,2,4,11,1.3,3.7,76.0,38.5,21.9,84.4,46.3,25.0,3년,4.9년
721,3,은평구,CS100009,주점,2.6646706586826348,0,17,18,4.9,5.2,65.4,23.1,14.6,85.7,41.8,17.5,2.6년,4.4년
722,3,종로구,CS100009,주점,3.1333333333333333,1,7,17,1.7,4.2,71.1,40.5,32.2,91.4,51.2,29.5,3.3년,5.2년
723,3,중구,CS100009,주점,2.7430167597765363,1,5,13,1.7,4.4,77.8,46.0,31.7,80.0,52.1,29.4,3.1년,5.1년
724,3,중랑구,CS100009,주점,2.6881720430107525,0,17,16,4.8,4.5,62.7,31.0,19.8,64.1,34.9,19.2,2.4년,4년
725,3,강남구,CS100010,커피,3.415873015873016,2,118,115,4.9,4.8,70.1,40.5,30.3,78.5,51.1,32.5,2.7년,3.7년
726,3,강동구,CS100010,커피,2.751322751322751,1,58,40,7.4,5.1,76.7,43.6,33.1,83.8,54.5,28.2,2.6년,3.3년
727,3,강북구,CS100010,커피,2.621794871794872,0,35,18,7.4,3.8,64.2,36.7,23.9,83.8,50.0,22.2,2.5년,3.1년
728,3,강서구,CS100010,커피,2.9737609329446064,1,66,70,6.4,6.7,77.4,47.3,28.9,76.4,50.7,32.0,2.5년,3년
729,3,관악구,CS100010,커피,2.751196172248804,1,48,38,6.3,4.9,70.1,42.9,29.4,79.6,49.7,30.9,2.5년,3.2년
730,3,광진구,CS100010,커피,2.7570093457943927,1,63,43,7.7,5.3,69.5,45.4,30.5,76.4,56.5,32.6,2.6년,3.4년
731,3,구로구,CS100010,커피,2.931372549019608,1,33,18,5.5,3.0,70.0,44.6,35.4,82.7,58.0,36.0,2.6년,3.4년
732,3,금천구,CS100010,커피,2.74,1,41,21,7.6,3.9,76.0,47.9,31.3,81.8,48.1,29.9,2.5년,3.2년
733,3,노원구,CS100010,커피,2.9516129032258065,1,49,31,7.6,4.8,69.4,41.9,21.8,84.9,53.0,29.5,2.7년,3.4년
734,3,도봉구,CS100010,커피,2.7142857142857144,1,31,25,8.5,6.9,78.1,47.9,32.9,77.2,45.1,27.3,2.7년,3.4년
735,3,동대문구,CS100010,커피,2.6300578034682083,0,40,36,6.1,5.5,66.7,48.1,37.2,80.0,56.3,41.9,2.7년,3.4년
736,3,동작구,CS100010,커피,2.737142857142857,1,35,31,5.6,5.0,83.1,48.5,31.5,76.9,50.0,35.3,2.6년,3.4년
737,3,마포구,CS100010,커피,2.86977886977887,1,143,73,7.4,3.8,70.1,40.9,28.4,78.5,47.5,31.5,2.5년,3.3년
738,3,서대문구,CS100010,커피,3.0233918128654973,1,56,22,8.5,3.3,65.0,39.0,29.3,79.7,49.6,33.3,2.6년,3.5년
739,3,서초구,CS100010,커피,3.292263610315186,2,69,51,5.3,3.9,73.3,49.0,37.9,81.0,47.8,35.4,2.8년,3.7년
740,3,성동구,CS100010,커피,3.164319248826291,2,50,33,6.1,4.0,75.2,50.3,38.6,83.0,50.3,39.0,2.6년,3.3년
741,3,성북구,CS100010,커피,2.8457142857142856,1,57,23,7.7,3.1,69.2,45.8,33.3,86.5,62.3,34.6,2.7년,3.4년
742,3,송파구,CS100010,커피,2.9401041666666665,1,103,67,7.5,4.9,73.4,47.5,34.2,74.9,51.4,31.5,2.6년,3.3년
743,3,양천구,CS100010,커피,2.92896174863388,1,33,25,5.9,4.4,72.6,56.0,34.5,83.2,52.9,34.4,2.6년,3.3년
744,3,영등포구,CS100010,커피,3.267558528428093,2,48,39,4.2,3.4,78.2,50.9,37.0,78.2,49.3,39.6,2.8년,3.7년
745,3,용산구,CS100010,커피,3.0620689655172413,1,43,31,5.1,3.7,76.3,53.0,39.4,82.9,58.4,35.1,2.8년,3.5년
746,3,은평구,CS100010,커피,2.738095238095238,1,46,42,7.0,6.4,73.6,43.4,27.1,73.2,51.1,32.8,2.5년,3.2년
747,3,종로구,CS100010,커피,3.117424242424242,1,58,36,4.7,2.9,68.3,45.7,35.6,80.0,57.1,35.5,3년,4.2년
748,3,중구,CS100010,커피,3.464788732394366,2,52,42,4.7,3.8,75.2,51.0,37.9,84.9,52.6,41.1,2.8년,4.1년
749,3,중랑구,CS100010,커피,2.651315789473684,0,38,31,7.7,6.3,75.8,47.3,31.9,77.9,53.2,29.8,2.5년,3.1년
750,4,강남구,CS100001,한식,3.635661054374828,2,160,192,3.1,3.7,71.8,46.9,35.2,74.0,53.0,35.8,2.8년,4.7년
751,4,강동구,CS100001,한식,2.7121119902617163,0,76,98,3.4,4.4,73.9,46.9,37.6,70.5,50.7,38.0,2.7년,4.5년
752,4,강북구,CS100001,한식,2.5541838134430725,0,65,84,3.3,4.3,70.3,45.3,36.5,72.7,50.1,36.5,2.7년,4.5년
753,4,강서구,CS100001,한식,2.984478935698448,1,128,159,4.2,5.2,72.0,45.5,33.6,72.9,48.4,33.9,2.6년,4.3년
754,4,관악구,CS100001,한식,2.7152,1,101,130,4.0,5.1,66.7,44.3,32.4,70.0,49.4,33.3,2.6년,4.5년
755,4,광진구,CS100001,한식,2.8332347723240687,1,78,89,3.5,4.0,71.2,50.9,36.3,76.7,52.1,36.6,2.8년,4.7년
756,4,구로구,CS100001,한식,2.80700676090965,1,71,84,3.2,3.8,76.9,49.3,35.4,74.8,50.2,36.7,2.9년,4.9년
757,4,금천구,CS100001,한식,2.794010226442659,1,50,71,2.8,4.0,66.4,45.6,35.3,78.6,53.8,35.7,2.8년,4.7년
758,4,노원구,CS100001,한식,2.759635599159075,1,70,82,3.5,4.1,72.2,52.5,42.0,71.6,51.9,42.6,2.9년,4.8년
759,4,도봉구,CS100001,한식,2.5756186984417964,0,34,56,2.4,3.9,63.4,41.5,33.3,73.9,54.1,33.7,2.8년,4.8년
760,4,동대문구,CS100001,한식,2.5594202898550726,0,70,80,2.9,3.4,71.1,48.3,36.4,75.5,55.0,37.2,2.8년,4.8년
761,4,동작구,CS100001,한식,2.932638331996792,1,55,73,3.0,4.0,78.3,53.4,39.5,77.0,60.7,40.6,3.1년,5.3년
762,4,마포구,CS100001,한식,3.182882519176423,2,113,120,3.3,3.5,67.6,45.5,33.3,77.2,54.0,33.9,2.8년,4.6년
763,4,서대문구,CS100001,한식,2.8058169375534643,1,38,69,2.1,3.9,78.3,53.9,43.4,78.7,50.9,44.2,3년,5.3년
764,4,서초구,CS100001,한식,3.605395518975766,2,80,109,2.8,3.8,71.0,47.8,37.1,76.0,53.1,37.9,2.9년,5년
765,4,성동구,CS100001,한식,3.0434183321847,1,56,67,3.0,3.6,78.7,53.3,38.3,83.7,56.6,38.7,2.9년,5년
766,4,성북구,CS100001,한식,2.647098515519568,0,66,66,3.2,3.2,77.1,50.0,39.7,80.1,59.9,40.0,2.9년,5년
767,4,송파구,CS100001,한식,3.05024115755627,1,121,144,3.4,4.0,71.9,46.4,35.2,71.8,48.6,35.5,2.7년,4.6년
768,4,양천구,CS100001,한식,2.750208159866778,1,58,72,3.4,4.2,69.2,47.4,36.7,75.2,49.1,37.0,2.8년,4.6년
769,4,영등포구,CS100001,한식,3.209366391184573,2,101,126,3.0,3.8,75.6,48.5,38.9,80.5,56.3,39.5,2.9년,4.9년
770,4,용산구,CS100001,한식,3.251862891207153,2,50,49,2.7,2.7,78.0,55.2,42.1,85.7,59.3,42.9,3.1년,5.2년
771,4,은평구,CS100001,한식,2.5527027027027027,0,66,91,3.1,4.3,70.1,44.9,32.6,72.6,53.5,33.7,2.7년,4.6년
772,4,종로구,CS100001,한식,3.342714480254199,2,72,94,2.5,3.3,75.1,49.0,41.1,82.2,66.0,41.4,3.2년,5.7년
773,4,중구,CS100001,한식,3.414596273291925,2,76,67,2.8,2.4,72.8,51.5,38.5,84.5,61.2,39.0,3.2년,5.8년
774,4,중랑구,CS100001,한식,2.530209617755857,0,61,95,2.8,4.4,70.3,44.6,33.3,71.9,51.1,33.9,2.7년,4.5년
775,4,강남구,CS100002,중식,3.918918918918919,2,16,15,3.3,3.1,72.1,50.0,44.1,66.2,50.9,45.6,2.7년,4.7년
776,4,강동구,CS100002,중식,2.5944055944055946,0,9,6,5.0,3.4,67.7,41.9,32.3,71.4,50.0,32.3,2.5년,4.4년
777,4,강북구,CS100002,중식,2.5172413793103448,0,10,10,8.1,8.1,73.1,38.5,34.6,72.0,41.9,34.6,2.3년,4.1년
778,4,강서구,CS100002,중식,2.957547169811321,1,14,14,5.5,5.5,83.3,53.7,40.7,65.2,49.1,40.7,2.4년,4년
779,4,관악구,CS100002,중식,2.6557377049180326,0,14,10,6.3,4.5,66.0,38.0,26.0,64.4,58.7,26.0,2.6년,4.2년
780,4,광진구,CS100002,중식,3.005128205128205,1,20,15,8.0,6.0,69.6,52.2,45.7,87.1,47.1,45.7,2.9년,4.2년
781,4,구로구,CS100002,중식,2.2922535211267605,0,22,24,5.9,6.4,58.3,31.3,27.1,74.2,48.0,27.1,2.5년,3.7년
782,4,금천구,CS100002,중식,2.664739884393064,0,13,11,6.1,5.1,55.7,44.3,36.1,72.0,30.0,36.1,2.3년,3.5년
783,4,노원구,CS100002,중식,2.828358208955224,1,8,3,5.0,1.9,77.8,55.6,50.0,71.0,53.1,50.0,2.7년,4.7년
784,4,도봉구,CS100002,중식,2.688311688311688,0,5,5,5.4,5.4,73.7,57.9,36.8,75.0,58.8,36.8,2.8년,4.7년
785,4,동대문구,CS100002,중식,2.5535714285714284,0,13,4,6.0,1.8,79.4,52.9,35.3,82.5,45.5,35.3,2.5년,4.4년
786,4,동작구,CS100002,중식,2.796875,1,8,7,4.8,4.2,90.9,72.7,54.5,76.2,51.4,54.5,3.1년,4.4년
787,4,마포구,CS100002,중식,3.225925925925926,2,21,20,6.5,6.2,72.7,60.6,43.9,72.9,49.4,43.9,2.6년,4.3년
788,4,서대문구,CS100002,중식,2.847826086956522,1,4,5,2.2,2.7,72.0,44.0,36.0,85.3,42.9,36.0,2.9년,4.4년
789,4,서초구,CS100002,중식,3.7860696517412937,2,10,12,3.9,4.7,76.2,52.4,38.1,75.6,44.4,38.1,2.8년,5년
790,4,성동구,CS100002,중식,3.1557377049180326,2,6,6,3.9,3.9,73.7,52.6,42.1,76.7,71.4,47.4,2.8년,4.6년
791,4,성북구,CS100002,중식,2.683453237410072,0,9,8,5.2,4.6,94.7,57.9,47.4,71.4,62.5,47.4,2.9년,5.1년
792,4,송파구,CS100002,중식,3.167420814479638,2,16,14,5.8,5.1,79.2,56.6,35.8,59.4,40.7,35.8,2.6년,4.2년
793,4,양천구,CS100002,중식,2.7086614173228347,0,11,6,7.6,4.2,69.2,53.8,23.1,79.3,71.4,23.1,2.6년,4.7년
794,4,영등포구,CS100002,중식,2.7690677966101696,1,37,20,5.9,3.2,71.5,40.0,30.9,82.8,53.7,30.9,2.6년,3.7년
795,4,용산구,CS100002,중식,3.642857142857143,2,2,6,1.2,3.6,70.8,54.2,37.5,89.3,48.1,37.5,3.3년,5.7년
796,4,은평구,CS100002,중식,2.7333333333333334,1,8,9,5.0,5.6,70.0,53.3,36.7,61.1,48.3,36.7,2.5년,4.5년
797,4,종로구,CS100002,중식,3.422360248447205,2,7,9,3.3,4.3,73.9,47.8,41.3,76.9,40.8,41.3,2.9년,5.3년
798,4,중구,CS100002,중식,3.716666666666667,2,7,9,2.7,3.4,83.3,47.6,33.3,65.6,54.2,33.3,3.1년,5.2년
799,4,중랑구,CS100002,중식,2.5052631578947366,0,8,2,7.0,1.7,64.3,28.6,28.6,76.0,35.7,28.6,2.2년,4년
800,4,강남구,CS100003,일식,3.6484018264840175,2,30,43,3.2,4.5,80.3,53.4,42.7,79.6,60.4,43.3,2.9년,4.2년
801,4,강동구,CS100003,일식,2.497435897435897,0,13,10,5.3,4.1,62.5,43.8,33.3,67.9,55.8,33.3,2.5년,4.1년
802,4,강북구,CS100003,일식,2.552380952380952,0,3,3,2.4,2.4,86.1,47.2,33.3,73.3,58.3,33.3,2.5년,3.9년
803,4,강서구,CS100003,일식,2.932862190812721,1,18,16,4.8,4.3,77.8,50.6,46.9,83.2,56.6,48.1,2.5년,3.7년
804,4,관악구,CS100003,일식,2.663551401869159,0,8,9,2.8,3.1,68.5,53.7,38.9,68.5,56.0,38.9,2.5년,3.7년
805,4,광진구,CS100003,일식,2.8190476190476192,1,12,11,4.7,4.3,81.0,54.8,47.6,70.5,58.1,47.6,2.8년,4.3년
806,4,구로구,CS100003,일식,2.6717557251908395,0,14,7,7.8,3.9,75.0,58.3,50.0,75.9,75.0,50.0,2.7년,4.7년
807,4,금천구,CS100003,일식,2.7228915662650603,1,3,2,2.6,1.7,85.7,42.9,28.6,83.3,65.4,28.6,2.6년,4년
808,4,노원구,CS100003,일식,2.701388888888889,0,8,11,4.4,6.1,51.1,33.3,22.2,68.4,50.0,24.4,2.7년,3.8년
809,4,도봉구,CS100003,일식,2.271604938271605,0,6,3,5.9,2.9,80.0,40.0,30.0,72.4,53.3,30.0,2.5년,3.8년
810,4,동대문구,CS100003,일식,2.394160583941606,0,10,6,5.4,3.2,66.7,42.9,33.3,81.0,53.5,33.3,2.6년,4.1년
811,4,동작구,CS100003,일식,2.9375,1,8,8,3.7,3.7,81.6,44.9,38.8,84.4,53.3,38.8,2.9년,5.1년
812,4,마포구,CS100003,일식,3.107407407407408,1,34,25,5.0,3.7,73.4,46.2,34.3,80.9,48.3,34.3,2.7년,3.7년
813,4,서대문구,CS100003,일식,2.631205673758865,0,6,2,3.0,1.0,64.9,40.5,32.4,76.2,54.3,35.1,3년,4.3년
814,4,서초구,CS100003,일식,3.4927007299270074,2,15,11,4.0,2.9,78.4,63.5,51.4,79.5,58.3,51.4,3.1년,4.8년
815,4,성동구,CS100003,일식,3.1530054644808745,2,16,8,8.0,4.0,80.4,56.5,45.7,94.3,52.9,50.0,2.6년,3.8년
816,4,성북구,CS100003,일식,2.4782608695652173,0,9,6,4.8,3.2,71.4,46.9,40.8,78.9,63.3,40.8,2.6년,4년
817,4,송파구,CS100003,일식,2.991253644314869,1,24,27,4.5,5.1,71.3,51.9,38.9,80.7,60.4,39.8,2.8년,4.5년
818,4,양천구,CS100003,일식,2.519083969465649,0,7,3,3.9,1.7,66.7,47.6,40.5,66.7,57.7,40.5,2.6년,4년
819,4,영등포구,CS100003,일식,3.2254545454545456,2,18,13,4.9,3.6,80.0,55.0,45.0,87.9,50.9,45.0,2.8년,4.6년
820,4,용산구,CS100003,일식,3.1465968586387434,2,16,9,6.0,3.4,60.4,39.6,27.1,77.4,61.4,27.1,2.8년,4.4년
821,4,은평구,CS100003,일식,2.378787878787879,0,10,6,5.2,3.1,71.4,42.9,28.6,82.6,48.6,28.6,2.5년,3.8년
822,4,종로구,CS100003,일식,3.291479820627803,2,19,16,6.1,5.1,77.4,54.8,43.5,71.4,53.2,48.4,2.9년,4.8년
823,4,중구,CS100003,일식,3.405128205128205,2,8,9,2.8,3.1,71.2,33.9,25.4,77.3,54.1,25.4,2.9년,5년
824,4,중랑구,CS100003,일식,2.353448275862069,0,6,3,4.1,2.1,75.0,50.0,40.0,78.1,38.1,40.0,2.8년,3.8년
825,4,강남구,CS100004,기타 외국식,3.5459976105137394,2,55,51,3.7,3.4,72.8,47.4,38.8,74.6,48.8,40.1,2.6년,3.7년
826,4,강동구,CS100004,기타 외국식,2.6893203883495147,0,12,10,5.6,4.7,77.1,45.7,40.0,72.0,52.2,40.0,2.5년,3.5년
827,4,강북구,CS100004,기타 외국식,2.217391304347826,0,3,5,2.8,4.7,50.0,25.0,25.0,74.3,76.9,25.0,2.4년,3.3년
828,4,강서구,CS100004,기타 외국식,2.681081081081081,0,12,11,4.1,3.7,77.3,48.0,40.0,75.9,44.9,41.3,2.4년,3.3년
829,4,관악구,CS100004,기타 외국식,2.576158940397351,0,8,16,2.9,5.8,77.1,52.1,41.7,64.4,64.6,41.7,2.5년,3.9년
830,4,광진구,CS100004,기타 외국식,2.627906976744186,0,17,7,6.4,2.6,72.0,46.0,32.0,84.9,58.7,32.0,2.6년,4년
831,4,구로구,CS100004,기타 외국식,2.6823529411764704,0,5,1,3.3,0.7,84.6,53.8,50.0,84.8,53.3,50.0,2.8년,3.7년
832,4,금천구,CS100004,기타 외국식,2.421875,0,4,5,3.7,4.6,66.7,44.4,22.2,69.2,52.6,22.2,2.6년,3.8년
833,4,노원구,CS100004,기타 외국식,2.727272727272727,1,8,9,4.2,4.8,76.7,50.0,46.7,85.1,67.6,46.7,2.8년,4년
834,4,도봉구,CS100004,기타 외국식,2.192982456140351,0,2,2,2.0,2.0,76.5,35.3,17.6,71.4,73.9,17.6,2.8년,4.1년
835,4,동대문구,CS100004,기타 외국식,2.3714285714285714,0,7,5,3.4,2.4,73.7,31.6,28.9,83.3,63.6,28.9,2.8년,4년
836,4,동작구,CS100004,기타 외국식,2.814432989690722,1,11,5,6.8,3.1,85.3,35.3,26.5,85.2,51.5,26.5,2.7년,3.8년
837,4,마포구,CS100004,기타 외국식,2.8533541341653668,1,42,35,4.4,3.7,74.5,43.8,29.2,77.1,56.3,29.7,2.8년,3.7년
838,4,서대문구,CS100004,기타 외국식,2.858156028368794,1,11,9,4.2,3.4,64.9,35.1,31.6,78.6,53.7,31.6,2.7년,4.1년
839,4,서초구,CS100004,기타 외국식,3.423780487804878,2,30,10,5.3,1.8,80.8,50.5,41.4,82.2,61.3,43.4,3년,3.8년
840,4,성동구,CS100004,기타 외국식,3.1936758893280635,2,23,13,6.3,3.5,79.7,49.2,37.3,90.4,50.7,39.0,2.4년,3.4년
841,4,성북구,CS100004,기타 외국식,2.3739837398373984,0,10,8,4.1,3.3,78.2,52.7,38.2,78.0,60.8,40.0,2.8년,3.9년
842,4,송파구,CS100004,기타 외국식,2.8885017421602788,1,20,19,3.8,3.6,76.1,53.3,40.2,80.2,55.5,41.3,2.7년,3.7년
843,4,양천구,CS100004,기타 외국식,2.5783132530120483,0,9,4,5.5,2.5,82.6,39.1,30.4,78.0,54.1,30.4,2.4년,3.9년
844,4,영등포구,CS100004,기타 외국식,3.3821989528795813,2,16,15,4.7,4.4,70.1,49.3,43.3,73.4,59.4,44.8,2.7년,3.8년
845,4,용산구,CS100004,기타 외국식,2.95,1,52,25,6.1,2.9,77.2,51.3,39.9,89.7,65.8,41.1,2.9년,4년
846,4,은평구,CS100004,기타 외국식,2.45945945945946,0,9,10,5.4,6.0,69.6,34.8,26.1,80.9,54.5,26.1,2.3년,3.4년
847,4,종로구,CS100004,기타 외국식,3.255813953488372,2,21,16,3.8,2.9,72.2,52.2,38.9,84.4,57.6,38.9,3.1년,4.6년
848,4,중구,CS100004,기타 외국식,3.3819742489270386,2,19,14,4.3,3.2,71.2,50.0,40.9,83.3,69.6,42.4,3년,4.6년
849,4,중랑구,CS100004,기타 외국식,2.263888888888889,0,10,7,7.9,5.5,77.3,45.5,36.4,84.6,37.5,36.4,2.5년,3.6년
850,4,강남구,CS100005,제과제빵,3.4186851211072664,2,17,12,3.1,2.2,73.5,51.0,35.7,87.0,50.6,38.8,3년,4.5년
851,4,강동구,CS100005,제과제빵,2.9289940828402368,1,12,12,4.7,4.7,82.2,60.0,44.4,84.9,27.5,46.7,2.7년,4.3년
852,4,강북구,CS100005,제과제빵,2.691489361702128,0,3,4,2.5,3.4,90.0,50.0,25.0,90.0,66.7,25.0,2.7년,4.7년
853,4,강서구,CS100005,제과제빵,3.009756097560976,1,8,6,2.6,2.0,72.9,42.4,35.6,80.8,60.3,35.6,2.7년,4.3년
854,4,관악구,CS100005,제과제빵,2.8926174496644297,1,11,11,5.2,5.2,77.4,38.7,32.3,73.2,56.4,32.3,2.6년,4.6년
855,4,광진구,CS100005,제과제빵,2.813793103448276,1,6,12,2.7,5.4,70.4,48.1,22.2,84.4,51.2,25.9,2.7년,4.7년
856,4,구로구,CS100005,제과제빵,2.9022556390977443,1,4,5,2.4,3.0,84.6,50.0,46.2,80.0,34.2,46.2,2.8년,4.6년
857,4,금천구,CS100005,제과제빵,2.793103448275862,1,7,1,6.3,0.9,66.7,50.0,41.7,83.3,60.0,41.7,2.6년,5.1년
858,4,노원구,CS100005,제과제빵,2.891025641025641,1,7,9,3.0,3.9,71.1,42.1,34.2,81.6,44.9,34.2,3년,5년
859,4,도봉구,CS100005,제과제빵,2.813953488372093,1,8,4,6.3,3.1,90.0,50.0,30.0,85.2,38.5,30.0,2.4년,4.9년
860,4,동대문구,CS100005,제과제빵,2.8157894736842106,1,8,2,4.4,1.1,66.7,41.7,37.5,76.7,41.4,37.5,2.5년,5년
861,4,동작구,CS100005,제과제빵,2.859060402684564,1,4,6,2.0,3.0,81.0,52.4,35.7,85.7,50.0,35.7,3년,4.9년
862,4,마포구,CS100005,제과제빵,2.807377049180328,1,24,9,5.7,2.1,67.7,37.5,25.0,80.3,55.0,25.0,2.8년,4.1년
863,4,서대문구,CS100005,제과제빵,2.8846153846153846,1,7,5,3.5,2.5,75.9,58.6,31.0,88.2,57.9,31.0,2.8년,4.7년
864,4,서초구,CS100005,제과제빵,3.36231884057971,2,5,11,1.3,3.0,75.4,56.1,40.4,85.5,68.3,45.6,3.1년,4.9년
865,4,성동구,CS100005,제과제빵,3.125,1,11,10,5.4,4.9,71.4,38.1,21.4,84.8,64.1,21.4,2.7년,4.1년
866,4,성북구,CS100005,제과제빵,2.7686567164179103,1,6,6,2.8,2.8,69.8,41.9,30.2,89.2,51.4,30.2,2.9년,5.1년
867,4,송파구,CS100005,제과제빵,3.069264069264069,1,13,15,3.4,4.0,67.4,38.9,26.3,77.9,38.9,26.3,2.7년,4.5년
868,4,양천구,CS100005,제과제빵,2.855421686746988,1,8,2,3.8,1.0,75.0,46.4,32.1,77.8,44.7,32.1,2.9년,4.7년
869,4,영등포구,CS100005,제과제빵,3.214765100671141,2,6,4,2.4,1.6,78.4,56.9,47.1,73.9,61.3,47.1,3.1년,4.6년
870,4,용산구,CS100005,제과제빵,3.35,2,13,8,5.2,3.2,78.4,56.8,40.5,90.5,55.3,40.5,2.9년,4.7년
871,4,은평구,CS100005,제과제빵,2.7210884353741496,1,8,5,3.7,2.3,80.0,47.5,37.5,87.8,53.1,37.5,2.9년,4.7년
872,4,종로구,CS100005,제과제빵,3.264957264957265,2,11,12,4.5,4.9,85.4,61.0,34.1,81.6,64.0,36.6,2.9년,4.7년
873,4,중구,CS100005,제과제빵,3.467889908256881,2,7,2,2.8,0.8,81.0,50.0,31.0,85.7,64.1,31.0,3.1년,5.1년
874,4,중랑구,CS100005,제과제빵,2.6923076923076925,0,5,3,3.4,2.1,52.2,34.8,21.7,78.3,35.3,21.7,2.5년,4.4년
875,4,강남구,CS100006,패스트푸드,3.411552346570397,2,15,17,2.5,2.8,71.6,48.4,32.6,76.7,49.5,35.8,2.9년,4.5년
876,4,강동구,CS100006,패스트푸드,2.838709677419355,1,7,11,2.8,4.5,81.8,51.5,27.3,72.9,47.4,27.3,2.7년,4.2년
877,4,강북구,CS100006,패스트푸드,2.75531914893617,1,4,6,2.7,4.0,88.5,65.4,46.2,75.6,60.0,46.2,2.8년,4.4년
878,4,강서구,CS100006,패스트푸드,2.888888888888889,1,16,15,5.1,4.8,71.7,52.2,41.3,80.0,49.0,41.3,2.6년,4.1년
879,4,관악구,CS100006,패스트푸드,2.914285714285714,1,9,15,3.6,6.0,68.8,35.4,22.9,67.2,58.5,22.9,2.6년,4.1년
880,4,광진구,CS100006,패스트푸드,2.9774436090225564,1,6,11,2.8,5.2,73.8,45.2,31.0,69.8,60.5,33.3,2.8년,4.6년
881,4,구로구,CS100006,패스트푸드,2.813953488372093,1,7,7,3.4,3.4,79.3,58.6,37.9,85.7,39.1,37.9,2.8년,4.5년
882,4,금천구,CS100006,패스트푸드,2.92,1,7,7,5.1,5.1,81.3,56.3,43.8,81.8,59.3,43.8,2.7년,4년
883,4,노원구,CS100006,패스트푸드,2.8050314465408803,1,4,13,1.7,5.4,77.5,55.0,32.5,77.8,43.8,32.5,2.8년,4.8년
884,4,도봉구,CS100006,패스트푸드,2.7954545454545454,1,6,4,5.4,3.6,81.8,72.7,63.6,75.0,56.0,63.6,3년,4.5년
885,4,동대문구,CS100006,패스트푸드,2.65,0,4,6,1.9,2.8,84.4,50.0,43.8,82.5,69.2,43.8,3년,4.5년
886,4,동작구,CS100006,패스트푸드,2.9609375,1,3,6,1.4,2.7,73.3,46.7,36.7,97.6,52.8,36.7,2.9년,4.5년
887,4,마포구,CS100006,패스트푸드,3.03960396039604,1,12,15,3.2,3.9,74.7,44.6,36.1,82.5,50.0,36.1,2.8년,4.2년
888,4,서대문구,CS100006,패스트푸드,3.0,1,2,7,0.9,3.1,75.0,40.6,31.3,81.1,59.4,31.3,2.9년,4.8년
889,4,서초구,CS100006,패스트푸드,3.331081081081081,2,12,9,4.2,3.1,73.5,52.9,47.1,77.8,63.6,47.1,2.9년,4.6년
890,4,성동구,CS100006,패스트푸드,3.265486725663717,2,7,8,3.6,4.1,73.7,47.4,28.9,83.9,47.9,28.9,2.8년,3.9년
891,4,성북구,CS100006,패스트푸드,2.816901408450704,1,6,12,2.7,5.4,83.3,50.0,26.7,70.9,58.8,30.0,3.1년,4.8년
892,4,송파구,CS100006,패스트푸드,2.9116465863453813,1,18,20,4.2,4.7,72.2,45.6,32.9,75.9,56.8,32.9,2.7년,4.2년
893,4,양천구,CS100006,패스트푸드,2.9302325581395348,1,7,7,3.7,3.7,78.1,50.0,31.3,72.3,44.1,31.3,2.5년,4.2년
894,4,영등포구,CS100006,패스트푸드,3.0955414012738856,1,13,10,4.9,3.8,75.0,55.0,47.5,92.9,51.2,47.5,2.9년,4.5년
895,4,용산구,CS100006,패스트푸드,3.31958762886598,2,5,6,2.3,2.7,83.8,51.4,43.2,76.7,64.3,43.2,3.1년,4.8년
896,4,은평구,CS100006,패스트푸드,2.7557251908396947,1,8,5,3.8,2.3,69.0,42.9,33.3,76.0,50.0,35.7,2.7년,4.3년
897,4,종로구,CS100006,패스트푸드,3.451923076923077,2,7,7,2.7,2.7,76.6,61.7,55.3,72.1,55.8,55.3,3.4년,5년
898,4,중구,CS100006,패스트푸드,3.555555555555556,2,5,11,2.3,5.0,78.4,43.2,35.1,87.2,50.0,35.1,3.1년,4.8년
899,4,중랑구,CS100006,패스트푸드,2.582608695652174,0,7,7,4.3,4.3,83.3,50.0,29.2,82.9,65.5,29.2,2.7년,4.1년
900,4,강남구,CS100007,치킨,3.7823834196891193,2,12,20,3.5,5.8,67.7,35.4,26.2,67.3,59.4,26.2,2.7년,4.7년
901,4,강동구,CS100007,치킨,2.85207100591716,1,10,16,3.5,5.6,79.1,37.2,23.3,63.8,39.3,23.3,2.4년,4.2년
902,4,강북구,CS100007,치킨,2.692913385826772,0,6,11,3.0,5.4,65.0,40.0,32.5,57.1,40.4,32.5,2.4년,4.2년
903,4,강서구,CS100007,치킨,2.9299065420560746,1,13,20,4.0,6.2,67.2,29.7,17.2,56.3,40.5,18.8,2.5년,4.1년
904,4,관악구,CS100007,치킨,2.8421052631578947,1,13,9,5.0,3.5,68.1,37.7,26.1,69.8,28.3,27.5,2.5년,4년
905,4,광진구,CS100007,치킨,2.7985611510791366,1,9,13,4.2,6.1,76.7,48.8,27.9,72.7,45.0,27.9,2.6년,4.4년
906,4,구로구,CS100007,치킨,2.869565217391304,1,9,15,3.4,5.7,61.8,43.6,29.1,70.4,48.2,29.1,2.6년,4.3년
907,4,금천구,CS100007,치킨,2.7452830188679247,1,4,11,2.5,6.7,67.7,38.7,22.6,51.7,42.1,22.6,2.6년,4.6년
908,4,노원구,CS100007,치킨,2.847457627118644,1,7,16,2.5,5.8,62.5,30.4,19.6,64.6,44.7,19.6,2.5년,4.2년
909,4,도봉구,CS100007,치킨,2.876923076923077,1,8,9,4.1,4.6,75.0,46.9,37.5,67.6,51.8,37.5,2.6년,4.1년
910,4,동대문구,CS100007,치킨,2.46,0,7,9,3.0,3.8,77.2,50.9,43.9,67.2,41.7,43.9,2.6년,4.2년
911,4,동작구,CS100007,치킨,2.9793103448275864,1,15,16,6.7,7.1,77.8,42.6,33.3,67.6,35.1,33.3,2.7년,4.4년
912,4,마포구,CS100007,치킨,3.2576687116564416,2,6,12,2.5,4.9,78.4,39.2,27.5,83.3,45.3,27.5,2.7년,4.5년
913,4,서대문구,CS100007,치킨,2.8,1,9,8,4.8,4.2,65.6,34.4,25.0,75.0,38.0,25.0,2.5년,4.6년
914,4,서초구,CS100007,치킨,3.764705882352941,2,8,11,3.7,5.1,70.7,46.3,26.8,86.8,44.2,29.3,2.8년,4.8년
915,4,성동구,CS100007,치킨,3.131578947368421,1,7,7,3.8,3.8,64.5,29.0,22.6,69.7,39.0,22.6,2.7년,4.7년
916,4,성북구,CS100007,치킨,2.6912751677852347,0,7,12,3.1,5.4,60.5,39.5,27.9,77.8,42.6,27.9,2.7년,4.5년
917,4,송파구,CS100007,치킨,3.0588235294117645,1,11,22,3.2,6.4,67.4,33.7,25.8,64.1,34.5,27.0,2.5년,4.4년
918,4,양천구,CS100007,치킨,2.909090909090909,1,8,13,3.6,5.9,71.8,48.7,30.8,70.0,40.7,30.8,2.4년,4.3년
919,4,영등포구,CS100007,치킨,3.0805369127516777,1,11,16,4.3,6.2,75.0,46.9,31.3,71.4,41.8,31.3,2.6년,4.8년
920,4,용산구,CS100007,치킨,3.4683544303797467,2,4,3,3.0,2.3,64.3,50.0,35.7,80.0,40.0,35.7,2.6년,5년
921,4,은평구,CS100007,치킨,2.7453416149068324,1,9,15,3.7,6.1,78.0,54.2,37.3,71.6,26.3,39.0,2.3년,4.1년
922,4,종로구,CS100007,치킨,3.561224489795918,2,8,10,6.2,7.7,70.6,47.1,29.4,68.4,46.7,29.4,2.7년,5.5년
923,4,중구,CS100007,치킨,3.591836734693877,2,5,3,3.5,2.1,76.0,40.0,20.0,76.5,43.2,24.0,3년,5.9년
924,4,중랑구,CS100007,치킨,2.6308724832214767,0,8,18,3.5,8.0,47.9,31.3,27.1,64.7,43.3,27.1,2.2년,4년
925,4,강남구,CS100008,분식,3.574079528718704,2,69,41,5.3,3.1,55.8,33.9,25.4,64.7,43.9,26.8,2.2년,3.6년
926,4,강동구,CS100008,분식,2.683794466403162,0,23,36,4.2,6.6,66.2,39.2,29.2,61.4,53.0,29.2,2.4년,3.5년
927,4,강북구,CS100008,분식,2.52212389380531,0,26,19,7.2,5.3,57.4,41.5,36.2,72.4,42.4,36.2,2.3년,3.6년
928,4,강서구,CS100008,분식,3.0155038759689923,1,40,27,5.6,3.8,70.8,44.6,31.0,69.2,39.3,31.0,2.3년,3.6년
929,4,관악구,CS100008,분식,2.805411629245826,1,30,22,4.8,3.6,51.2,32.3,22.8,66.3,45.2,24.4,2.3년,3.8년
930,4,광진구,CS100008,분식,2.838815789473684,1,32,23,5.8,4.2,68.0,38.8,28.2,70.3,53.3,28.2,2.3년,3.9년
931,4,구로구,CS100008,분식,2.7480376766091053,1,21,11,4.4,2.3,67.9,39.5,27.2,77.8,41.8,27.2,2.5년,3.9년
932,4,금천구,CS100008,분식,2.7769709543568464,1,18,14,5.0,3.9,62.7,45.8,37.3,68.2,54.4,37.3,2.5년,3.7년
933,4,노원구,CS100008,분식,2.767757382282522,1,20,20,4.2,4.2,67.9,45.0,34.9,63.2,51.5,34.9,2.6년,4년
934,4,도봉구,CS100008,분식,2.5534591194968552,0,13,13,4.2,4.2,67.8,37.3,22.0,74.6,38.6,22.0,2.4년,3.8년
935,4,동대문구,CS100008,분식,2.5935582822085887,0,18,20,3.9,4.4,67.4,34.8,24.7,66.7,41.3,24.7,2.6년,4년
936,4,동작구,CS100008,분식,2.96640826873385,1,22,14,5.4,3.4,62.2,35.1,26.1,76.3,42.0,26.1,2.4년,3.9년
937,4,마포구,CS100008,분식,3.1704252577319587,2,49,35,5.7,4.1,63.7,34.2,24.9,60.3,43.3,24.9,2.1년,3.5년
938,4,서대문구,CS100008,분식,2.940803382663848,1,34,22,6.3,4.0,57.6,29.3,21.7,76.5,50.6,21.7,2.4년,4년
939,4,서초구,CS100008,분식,3.38353196099675,2,23,30,2.7,3.6,74.1,47.4,35.6,69.4,54.2,37.8,2.7년,4.1년
940,4,성동구,CS100008,분식,3.1996951219512195,2,26,16,6.3,3.9,67.0,37.4,27.5,66.2,44.3,27.5,2.3년,3.9년
941,4,성북구,CS100008,분식,2.6819141449683324,0,21,20,4.0,3.8,64.0,46.0,34.0,78.8,52.4,34.0,2.6년,3.9년
942,4,송파구,CS100008,분식,2.99009492364837,1,56,47,6.5,5.5,65.3,39.8,29.5,61.9,40.3,30.1,2.3년,3.6년
943,4,양천구,CS100008,분식,2.75,1,19,23,4.4,5.4,64.0,41.9,30.2,57.8,41.4,30.2,2.4년,3.9년
944,4,영등포구,CS100008,분식,3.11913357400722,1,21,34,2.8,4.6,68.5,44.4,34.7,73.5,45.1,35.5,2.5년,3.8년
945,4,용산구,CS100008,분식,3.237099023709902,2,22,20,4.0,3.6,70.0,46.3,35.0,77.8,36.0,36.3,2.4년,4년
946,4,은평구,CS100008,분식,2.6573816155988856,0,19,26,3.7,5.0,57.7,38.0,30.7,69.8,37.3,30.7,2.4년,3.7년
947,4,종로구,CS100008,분식,3.2652347652347653,2,29,10,3.8,1.3,69.4,42.3,36.9,80.7,48.1,36.9,2.6년,4.5년
948,4,중구,CS100008,분식,3.408212560386473,2,28,22,3.6,2.8,64.8,47.7,32.8,68.4,48.5,32.8,2.6년,4.4년
949,4,중랑구,CS100008,분식,2.5036915504511894,0,21,18,5.1,4.4,51.2,36.0,29.1,76.7,32.5,29.1,2.4년,3.8년
950,4,강남구,CS100009,주점,4.126530612244898,2,18,34,2.9,5.4,63.6,32.4,20.4,71.7,36.1,20.4,2.8년,4.4년
951,4,강동구,CS100009,주점,2.830985915492957,1,9,9,2.5,2.5,62.9,26.6,14.0,65.8,31.3,14.7,2.6년,4.2년
952,4,강북구,CS100009,주점,2.791304347826087,1,11,17,3.6,5.6,61.4,28.3,19.3,66.7,31.1,19.3,2.5년,4년
953,4,강서구,CS100009,주점,3.0,1,15,29,3.1,6.0,71.6,33.0,20.1,74.1,35.3,20.1,2.7년,4.4년
954,4,관악구,CS100009,주점,2.8274111675126905,1,14,20,3.2,4.6,64.1,28.2,17.9,87.5,38.7,17.9,2.6년,4.2년
955,4,광진구,CS100009,주점,2.5972222222222223,0,8,14,2.1,3.7,68.1,35.4,22.9,84.4,43.5,22.9,2.8년,4.3년
956,4,구로구,CS100009,주점,2.7142857142857144,1,21,23,5.3,5.9,62.7,31.7,19.0,70.4,34.9,19.8,2.4년,4년
957,4,금천구,CS100009,주점,2.6867469879518078,0,4,6,1.7,2.5,64.3,28.6,16.7,62.5,49.2,16.7,2.6년,4.1년
958,4,노원구,CS100009,주점,2.980392156862745,1,11,12,4.6,5.0,65.5,32.2,20.7,76.9,40.4,20.7,2.9년,4.4년
959,4,도봉구,CS100009,주점,2.5283018867924527,0,10,8,4.7,3.7,68.9,31.1,19.7,76.9,41.0,19.7,2.7년,4.2년
960,4,동대문구,CS100009,주점,2.7472527472527477,1,13,9,4.5,3.1,71.0,28.0,17.2,80.8,38.0,18.3,2.6년,4.6년
961,4,동작구,CS100009,주점,2.985074626865672,1,9,9,3.6,3.6,71.8,33.3,20.5,94.4,47.1,20.5,3년,4.7년
962,4,마포구,CS100009,주점,3.3714285714285714,2,13,15,2.1,2.4,70.4,35.0,21.9,82.9,40.0,22.3,3년,4.5년
963,4,서대문구,CS100009,주점,2.875,1,5,8,1.8,2.9,65.3,34.7,16.8,90.0,40.3,17.9,2.9년,4.6년
964,4,서초구,CS100009,주점,3.4239130434782608,2,5,7,1.4,2.0,72.3,33.0,23.4,75.7,53.9,23.4,3년,5년
965,4,성동구,CS100009,주점,2.9019607843137254,1,5,10,2.5,5.0,65.6,39.3,26.2,82.6,42.9,26.2,2.9년,4.5년
966,4,성북구,CS100009,주점,2.641025641025641,0,4,5,1.5,1.9,70.1,35.5,17.8,68.4,48.3,17.8,2.9년,4.5년
967,4,송파구,CS100009,주점,3.0,1,14,19,3.2,4.3,68.5,37.0,20.6,67.4,43.9,20.6,2.7년,4.4년
968,4,양천구,CS100009,주점,2.440677966101695,0,10,17,3.4,5.8,63.9,31.5,23.1,60.6,46.4,23.1,2.7년,4.2년
969,4,영등포구,CS100009,주점,3.0864864864864865,1,21,22,4.0,4.2,67.1,35.5,20.6,67.6,42.5,21.3,2.6년,4.3년
970,4,용산구,CS100009,주점,3.121212121212121,1,7,7,2.3,2.3,76.0,38.5,21.9,88.2,50.6,21.9,3.1년,4.9년
971,4,은평구,CS100009,주점,2.6785714285714284,0,17,18,4.9,5.2,65.4,23.1,14.6,84.0,48.4,14.6,2.6년,4.4년
972,4,종로구,CS100009,주점,3.1515151515151514,2,9,22,2.3,5.6,71.1,40.5,32.2,84.8,47.1,32.2,3.3년,5.2년
973,4,중구,CS100009,주점,2.7814207650273226,1,6,8,2.1,2.7,77.8,46.0,31.7,84.2,53.1,31.7,3.1년,5.1년
974,4,중랑구,CS100009,주점,2.630434782608696,0,14,16,4.0,4.5,62.7,31.0,19.8,69.2,34.7,19.8,2.4년,4년
975,4,강남구,CS100010,커피,3.4088145896656536,2,128,65,5.2,2.6,70.1,40.5,30.3,79.6,49.8,30.7,2.7년,3.7년
976,4,강동구,CS100010,커피,2.743589743589744,1,40,47,5.1,6.0,76.7,43.6,33.1,80.1,54.4,33.8,2.6년,3.3년
977,4,강북구,CS100010,커피,2.592592592592593,0,32,22,6.7,4.6,64.2,36.7,23.9,80.6,55.0,24.8,2.5년,3.1년
978,4,강서구,CS100010,커피,2.92022792022792,1,63,42,5.9,4.0,77.4,47.3,28.9,76.0,49.6,30.5,2.5년,3년
979,4,관악구,CS100010,커피,2.7981651376146788,1,51,28,6.4,3.5,70.1,42.9,29.4,79.0,57.5,32.2,2.5년,3.3년
980,4,광진구,CS100010,커피,2.7577092511013217,1,47,38,5.7,4.6,69.5,45.4,30.5,74.2,58.8,31.2,2.6년,3.5년
981,4,구로구,CS100010,커피,2.9295774647887325,1,37,19,6.0,3.1,70.0,44.6,35.4,82.4,57.1,36.2,2.6년,3.4년
982,4,금천구,CS100010,커피,2.7942583732057416,1,39,33,7.2,6.1,76.0,47.9,31.3,79.7,45.5,33.3,2.5년,3.2년
983,4,노원구,CS100010,커피,2.900523560209424,1,31,25,4.7,3.8,69.4,41.9,21.8,83.1,53.0,23.4,2.7년,3.5년
984,4,도봉구,CS100010,커피,2.7372262773722627,1,26,10,6.9,2.6,78.1,47.9,32.9,79.0,44.4,34.2,2.6년,3.4년
985,4,동대문구,CS100010,커피,2.668539325842697,0,46,36,6.9,5.4,66.7,48.1,37.2,78.0,53.8,38.0,2.6년,3.4년
986,4,동작구,CS100010,커피,2.711864406779661,0,36,31,5.7,4.9,83.1,48.5,31.5,78.9,50.3,31.5,2.6년,3.4년
987,4,마포구,CS100010,커피,2.8997668997669,1,115,79,5.8,4.0,70.1,40.9,28.4,78.1,46.9,28.9,2.5년,3.3년
988,4,서대문구,CS100010,커피,2.9719101123595504,1,33,25,4.9,3.7,65.0,39.0,29.3,75.4,55.6,29.3,2.6년,3.5년
989,4,서초구,CS100010,커피,3.3189189189189188,2,77,49,5.8,3.7,73.3,49.0,37.9,75.9,48.8,38.3,2.8년,3.7년
990,4,성동구,CS100010,커피,3.104803493449781,1,54,34,6.4,4.0,75.2,50.3,38.6,83.7,52.7,38.6,2.7년,3.3년
991,4,성북구,CS100010,커피,2.75,1,46,32,6.1,4.2,69.2,45.8,33.3,81.8,62.9,34.2,2.6년,3.4년
992,4,송파구,CS100010,커피,2.9563106796116503,1,87,50,6.2,3.5,73.4,47.5,34.2,75.7,52.1,35.2,2.6년,3.3년
993,4,양천구,CS100010,커피,2.895287958115184,1,39,37,6.9,6.5,72.6,56.0,34.5,79.7,56.0,34.5,2.6년,3.3년
994,4,영등포구,CS100010,커피,3.31,2,59,40,5.0,3.4,78.2,50.9,37.0,78.8,49.8,37.5,2.8년,3.7년
995,4,용산구,CS100010,커피,3.025641025641025,1,47,27,5.4,3.1,76.3,53.0,39.4,79.6,56.5,40.4,2.8년,3.6년
996,4,은평구,CS100010,커피,2.659217877094972,0,40,25,6.0,3.7,73.6,43.4,27.1,77.4,51.8,28.7,2.5년,3.2년
997,4,종로구,CS100010,커피,3.2057761732851984,2,66,34,5.2,2.7,68.3,45.7,35.6,80.2,54.9,35.6,3년,4.2년
998,4,중구,CS100010,커피,3.5510204081632653,2,41,41,3.7,3.7,75.2,51.0,37.9,82.8,50.2,38.3,2.8년,4.2년
999,4,중랑구,CS100010,커피,2.590062111801242,0,42,23,8.2,4.5,75.8,47.3,31.9,79.5,49.6,33.0,2.5년,3.1년
